<?xml version="1.0" encoding="UTF-8"?>
<!--
######################################################################
# (c) 2014 Cisco and/or its affiliates. All rights reserved.
# 
# This software is released under the Eclipse Public License. The details can be found in the file LICENSE. 
# Any dependent libraries supplied by third parties are provided under their own open source licenses as 
# described in their own LICENSE files, generally named .LICENSE.txt. The libraries supplied by Cisco as 
# part of the Composite Information Server/Cisco Data Virtualization Server, particularly csadmin-XXXX.jar, 
# csarchive-XXXX.jar, csbase-XXXX.jar, csclient-XXXX.jar, cscommon-XXXX.jar, csext-XXXX.jar, csjdbc-XXXX.jar, 
# csserverutil-XXXX.jar, csserver-XXXX.jar, cswebapi-XXXX.jar, and customproc-XXXX.jar (where -XXXX is an 
# optional version number) are provided as a convenience, but are covered under the licensing for the 
# Composite Information Server/Cisco Data Virtualization Server. They cannot be used in any way except 
# through a valid license for that product.
# 
# This software is released AS-IS!. Support for this software is not covered by standard maintenance agreements with Cisco. 
# Any support for this software by Cisco would be covered by paid consulting agreements, and would be billable work.
# 
######################################################################
-->
<servers>
  <!-- This shows an example of how variables can be used when allowVariables=true.  
       However, the default is false to maintain backward compatibility. -->
  <server>
    <id>localhost</id>
    <hostname>localhost</hostname>
    <port>9400</port>
    <usage>DEV-Default</usage>
    <user>$CIS_USER</user>
    <encryptedpassword>$CIS_PASSWORD</encryptedpassword>
    <domain>$CIS_DOMAIN</domain>
    <cishome>C:/CompositeSoftware/CIS6.2.0</cishome>
    <clustername>cluster2</clustername>
    <site>US East</site>
    <useHttps>false</useHttps>
	<allowVariables>true</allowVariables>
  </server>
    
  <server>
    <id>localhost9400http</id>
    <hostname>localhost</hostname>
    <port>9400</port>
    <usage>DEV6.2</usage>
    <user>admin</user>
    <encryptedpassword>Encrypted:7F6324FFD300BE8F</encryptedpassword>
    <domain>composite</domain>
    <cishome>C:\CompositeSoftware\CIS6.2.0</cishome>
    <clustername>cluster2</clustername>
    <site>US East</site>
    <useHttps>false</useHttps>
	<allowVariables>false</allowVariables>
  </server>
  <server>
    <id>localhost9400https</id>
    <hostname>localhost</hostname>
    <port>9400</port>
    <usage>DEV6.2</usage>
    <user>admin</user>
    <encryptedpassword>Encrypted:7F6324FFD300BE8F</encryptedpassword>
    <domain>composite</domain>
    <cishome>C:\CompositeSoftware\CIS6.2.0</cishome>
    <clustername>cluster2</clustername>
    <site>US East</site>
    <useHttps>true</useHttps>
	<allowVariables>false</allowVariables>
  </server>
  
  <server>
    <id>localhost9410http</id>
    <hostname>localhost</hostname>
    <port>9410</port>
    <usage>DEV6.1</usage>
    <user>admin</user>
    <encryptedpassword>Encrypted:7F6324FFD300BE8F</encryptedpassword>
    <domain>composite</domain>
    <cishome>C:\CompositeSoftware\CIS6.1.0</cishome>
    <clustername>cluster2</clustername>
    <site>US East</site>
    <useHttps>false</useHttps>
	<allowVariables>false</allowVariables>
  </server>
  <server>
    <id>localhost9410https</id>
    <hostname>localhost</hostname>
    <port>9410</port>
    <usage>DEV6.1</usage>
    <user>admin</user>
    <encryptedpassword>Encrypted:7F6324FFD300BE8F</encryptedpassword>
    <domain>composite</domain>
    <cishome>C:\CompositeSoftware\CIS6.1.0</cishome>
    <clustername>cluster2</clustername>
    <site>US East</site>
    <useHttps>true</useHttps>
	<allowVariables>false</allowVariables>
  </server>
  
  <server>
    <id>localhost9420http</id>
    <hostname>localhost</hostname>
    <port>9420</port>
    <usage>DEV6.2.3</usage>
    <user>admin</user>
    <encryptedpassword>Encrypted:7F6324FFD300BE8F</encryptedpassword>
    <domain>composite</domain>
    <cishome>C:\CompositeSoftware\CIS6.2.3</cishome>
    <clustername>cluster2</clustername>
    <site>US East</site>
    <useHttps>false</useHttps>
	<allowVariables>false</allowVariables>
  </server>
  <server>
    <id>localhost9420https</id>
    <hostname>localhost</hostname>
    <port>9420</port>
    <usage>DEV6.2.3</usage>
    <user>admin</user>
    <encryptedpassword>Encrypted:7F6324FFD300BE8F</encryptedpassword>
    <domain>composite</domain>
    <cishome>C:\CompositeSoftware\CIS6.2.3</cishome>
    <clustername>cluster2</clustername>
    <site>US East</site>
    <useHttps>true</useHttps>
	<allowVariables>false</allowVariables>
  </server>

  <server>
    <id>localhost9430http</id>
    <hostname>localhost</hostname>
    <port>9430</port>
    <usage>DEV6.2</usage>
    <user>$CIS_USER</user>
    <encryptedpassword>$CIS_PASSWORD</encryptedpassword>
    <domain>$CIS_DOMAIN</domain>
    <cishome>C:\CompositeSoftware\CIS6.2.0</cishome>
    <clustername>cluster2</clustername>
    <site>US East</site>
    <useHttps>false</useHttps>
	<allowVariables>true</allowVariables>
  </server>
  
  <server>
    <id>localhost9430https</id>
    <hostname>localhost</hostname>
    <port>9430</port>
    <usage>DEV6.2</usage>
    <user>admin</user>
    <encryptedpassword>Encrypted:7F6324FFD300BE8F</encryptedpassword>
    <domain>composite</domain>
    <cishome>C:\CompositeSoftware\CIS6.2.0</cishome>
    <clustername>cluster2</clustername>
    <site>US East</site>
    <useHttps>true</useHttps>
	<allowVariables>false</allowVariables>
  </server>

  <server>
    <id>localhost9440http</id>
    <hostname>localhost</hostname>
    <port>9440</port>
    <usage>DEV6.2</usage>
    <user>admin</user>
    <encryptedpassword>Encrypted:7F6324FFD300BE8F</encryptedpassword>
    <domain>composite</domain>
    <cishome>C:\CompositeSoftware\CIS6.2.0</cishome>
    <clustername>cluster2</clustername>
    <site>US East</site>
    <useHttps>false</useHttps>
	<allowVariables>false</allowVariables>
  </server>  
  <server>
    <id>localhost9440https</id>
    <hostname>localhost</hostname>
    <port>9440</port>
    <usage>DEV6.2</usage>
    <user>admin</user>
    <encryptedpassword>Encrypted:7F6324FFD300BE8F</encryptedpassword>
    <domain>composite</domain>
    <cishome>C:\CompositeSoftware\CIS6.2.0</cishome>
    <clustername>cluster2</clustername>
    <site>US East</site>
    <useHttps>true</useHttps>
	<allowVariables>false</allowVariables>
  </server>  

  <server>
    <id>localhost9450http</id>
    <hostname>localhost</hostname>
    <port>9450</port>
    <usage>DEV6.2</usage>
    <user>admin</user>
    <encryptedpassword>Encrypted:7F6324FFD300BE8F</encryptedpassword>
    <domain>composite</domain>
    <cishome>C:\CompositeSoftware\CIS6.2.0</cishome>
    <clustername>cluster2</clustername>
    <site>US East</site>
    <useHttps>false</useHttps>
	<allowVariables>false</allowVariables>
  </server>  
  <server>
    <id>localhost9450https</id>
    <hostname>localhost</hostname>
    <port>9450</port>
    <usage>DEV6.2</usage>
    <user>admin</user>
    <encryptedpassword>Encrypted:7F6324FFD300BE8F</encryptedpassword>
    <domain>composite</domain>
    <cishome>C:\CompositeSoftware\CIS6.2.0</cishome>
    <clustername>cluster2</clustername>
    <site>US East</site>
    <useHttps>true</useHttps>
	<allowVariables>false</allowVariables>
  </server>  
    
  <server>
    <id>qaserver9400http</id>
    <hostname>ps-mt1</hostname>
    <port>9400</port>
    <usage>DEV</usage>
    <user>admin</user>
    <encryptedpassword>Encrypted:7F6324FFD300BE8F</encryptedpassword>
    <domain>composite</domain>
    <cishome>/opt/Composite_Software/CIS_5.1.0</cishome>
    <clustername>cluster1</clustername>
    <site>site1</site>
    <useHttps>false</useHttps>
	<allowVariables>false</allowVariables>
  </server>
  <server>
    <id>qaserver9400https</id>
    <hostname>ps-mt1</hostname>
    <port>9400</port>
    <usage>DEV</usage>
    <user>admin</user>
    <encryptedpassword>Encrypted:7F6324FFD300BE8F</encryptedpassword>
    <domain>composite</domain>
    <cishome>/opt/Composite_Software/CIS_5.1.0</cishome>
    <clustername>cluster1</clustername>
    <site>site1</site>
    <useHttps>true</useHttps>
	<allowVariables>false</allowVariables>
  </server>

  <server>
    <id>qaserver9410http</id>
    <hostname>ps-mt1</hostname>
    <port>9410</port>
    <usage>DEPLOY</usage>
    <user>admin</user>
    <encryptedpassword>Encrypted:7F6324FFD300BE8F</encryptedpassword>
    <domain>composite</domain>
    <cishome>/opt/Composite_Software/CIS_5.2.0</cishome>
    <clustername />
    <site />
    <useHttps>false</useHttps>
	<allowVariables>false</allowVariables>
  </server>
  <server>
    <id>qaserver9410https</id>
    <hostname>ps-mt1</hostname>
    <port>9410</port>
    <usage>DEPLOY</usage>
    <user>admin</user>
    <encryptedpassword>Encrypted:7F6324FFD300BE8F</encryptedpassword>
    <domain>composite</domain>
    <cishome>/opt/Composite_Software/CIS_5.2.0</cishome>
    <clustername />
    <site />
    <useHttps>true</useHttps>
	<allowVariables>false</allowVariables>
  </server>
  
  <server>
    <id>qaserver9420http</id>
    <hostname>ps-mt1</hostname>
    <port>9420</port>
    <usage>DEPLOY</usage>
    <user>admin</user>
    <encryptedpassword>Encrypted:7F6324FFD300BE8F</encryptedpassword>
    <domain>composite</domain>
    <cishome>/opt/Composite_Software/CIS_6.0.0</cishome>
    <clustername />
    <site />
    <useHttps>false</useHttps>
	<allowVariables>false</allowVariables>
   </server>
   <server>
    <id>qaserver9420https</id>
    <hostname>ps-mt1</hostname>
    <port>9420</port>
    <usage>DEPLOY</usage>
    <user>admin</user>
    <encryptedpassword>Encrypted:7F6324FFD300BE8F</encryptedpassword>
    <domain>composite</domain>
    <cishome>/opt/Composite_Software/CIS_6.0.0</cishome>
    <clustername />
    <site />
    <useHttps>true</useHttps>
	<allowVariables>false</allowVariables>
  </server>
 
  <server>
    <id>qaserver9430http</id>
    <hostname>ps-mt1</hostname>
    <port>9430</port>
    <usage>DEPLOY</usage>
    <user>admin</user>
    <encryptedpassword>Encrypted:7F6324FFD300BE8F</encryptedpassword>
    <domain>composite</domain>
    <cishome>/opt/Composite_Software/CIS_6.1.0</cishome>
    <clustername />
    <site />
    <useHttps>false</useHttps>
	<allowVariables>false</allowVariables>
  </server>  
   <server>
    <id>qaserver9430https</id>
    <hostname>ps-mt1</hostname>
    <port>9430</port>
    <usage>DEPLOY</usage>
    <user>admin</user>
    <encryptedpassword>Encrypted:7F6324FFD300BE8F</encryptedpassword>
    <domain>composite</domain>
    <cishome>/opt/Composite_Software/CIS_6.1.0</cishome>
    <clustername />
    <site />
    <useHttps>true</useHttps>
	<allowVariables>false</allowVariables>
  </server>  
 
  <server>
    <id>qaserver9440http</id>
    <hostname>ps-mt1</hostname>
    <port>9440</port>
    <usage>DEPLOY</usage>
    <user>admin</user>
    <encryptedpassword>Encrypted:7F6324FFD300BE8F</encryptedpassword>
    <domain>composite</domain>
    <cishome>/opt/Composite_Software/CIS_6.2.0</cishome>
    <clustername />
    <site />
    <useHttps>false</useHttps>
	<allowVariables>false</allowVariables>
  </server>  
  <server>
    <id>qaserver9440https</id>
    <hostname>ps-mt1</hostname>
    <port>9440</port>
    <usage>DEPLOY</usage>
    <user>admin</user>
    <encryptedpassword>Encrypted:7F6324FFD300BE8F</encryptedpassword>
    <domain>composite</domain>
    <cishome>/opt/Composite_Software/CIS_6.2.0</cishome>
    <clustername />
    <site />
    <useHttps>true</useHttps>
	<allowVariables>false</allowVariables>
  </server>  
</servers>

