<?xml version="1.0" encoding="UTF-8"?>
<project name="PDTool" default="default" basedir=".">

  <description>description</description>

  <!-- Default properties -->
  <property name="SERVERID" 				value="localhost9440"/>
  <property name="noarguments" 				value="&quot;&quot;"/>
		
  <!-- Default Path properties -->
  <property name="RESOURCE_HOME" 			value="${PROJECT_HOME}/resources"/>
  <property name="MODULE_HOME" 				value="${RESOURCE_HOME}/modules"/>
  <property name="pathToServersXML" 		value="${MODULE_HOME}/servers.xml"/>
  <property name="pathToArchiveXML" 		value="${MODULE_HOME}/ArchiveModule.xml"/>
  <property name="pathToDataSourcesXML" 	value="${MODULE_HOME}/DataSourceModule.xml"/>
  <property name="pathToGroupsXML" 			value="${MODULE_HOME}/GroupModule.xml"/>
  <property name="pathToPrivilegeXML" 		value="${MODULE_HOME}/PrivilegeModule.xml"/>
  <property name="pathToRebindXML" 			value="${MODULE_HOME}/RebindModule.xml"/>
  <property name="pathToRegressionXML" 		value="${MODULE_HOME}/RegressionModule.xml"/>
  <property name="pathToResourceXML" 		value="${MODULE_HOME}/ResourceModule.xml"/>
  <property name="pathToResourceCacheXML" 	value="${MODULE_HOME}/ResourceCacheModule.xml"/>
  <property name="pathToServerAttributeXML" value="${MODULE_HOME}/ServerAttributeModule.xml"/>
  <property name="pathToTriggerXML" 		value="${MODULE_HOME}/TriggerModule.xml"/>
  <property name="pathToUsersXML" 			value="${MODULE_HOME}/UserModule.xml"/>
  <property name="pathToVCSModuleXML" 		value="${MODULE_HOME}/VCSModule.xml"/>

  <!-- Custom properties -->
  <property name="rebindIds" 				value="rebindResource-1"/>
  <property name="pathToGenRebindXML" 		value="${MODULE_HOME}/generated/getRebindModule.xml"/>

  <!-- Default Classpath [Do Not Change] -->
  <path id="project.class.path">
	<fileset dir="${PROJECT_HOME}/lib"><include name="**/*.jar"/></fileset>
	<fileset dir="${PROJECT_HOME}/lib/endorsed"><include name="**/*.jar"/></fileset>
	<fileset dir="${PROJECT_HOME}/dist"><include name="**/*.jar"/></fileset>
	<fileset dir="${PROJECT_HOME}/ext/ant/lib"><include name="**/*.jar"/></fileset>
  </path>
  <taskdef name="executeJavaAction" description="Execute Java Action" classname="com.cisco.dvbu.ps.deploytool.ant.CompositeAntTask" classpathref="project.class.path"/>

	<!-- ================================= 
          target: default              
         ================================= -->
	<target name="default" description="Update CIS with environment specific parameters">

	<!--	
	# ========================================
	# Rebind Module:
	# ========================================
		PASS	TRUE	ExecuteAction   		generateRebindXML   $SERVERID "/shared/test00/Views" 	"$MODULE_HOME/generated/getRebindModule.xml" "$MODULE_HOME/servers.xml" 
		PASS	TRUE	ExecuteAction   		rebindResources    	$SERVERID "rb1,rb2" 				"$MODULE_HOME/RebindModule.xml" 	"$MODULE_HOME/servers.xml" 
		#PASS	TRUE	ExecuteAction   		rebindFolder    	$SERVERID "rf1,rf2" 				"$MODULE_HOME/RebindModule.xml" 	"$MODULE_HOME/servers.xml" 
	-->
	    <executeJavaAction action="generateRebindXML"  arguments="${SERVERID}^/shared/test00/Views^${MODULE_HOME}/generated/getRebindModule.xml^${pathToServersXML}" endExecutionOnTaskFailure="TRUE"/>
	    <executeJavaAction action="rebindResources"    arguments="${SERVERID}^rb1,rb2^${pathToRebindXML}^${pathToServersXML}" endExecutionOnTaskFailure="TRUE"/>
	    <!--executeJavaAction action="rebindFolder"    arguments="${SERVERID}^rf1,rf2^${pathToRebindXML}^${pathToServersXML}" endExecutionOnTaskFailure="TRUE"/>-->

	</target>
</project>