<?xml version="1.0" encoding="UTF-8" standalone="yes"?>
<!--
######################################################################
# (c) 2017 TIBCO Software Inc. All rights reserved.
# 
# Except as specified below, this software is licensed pursuant to the Eclipse Public License v. 1.0.
# The details can be found in the file LICENSE.
# 
# The following proprietary files are included as a convenience, and may not be used except pursuant
# to valid license to Composite Information Server or TIBCO� Data Virtualization Server:
# csadmin-XXXX.jar, csarchive-XXXX.jar, csbase-XXXX.jar, csclient-XXXX.jar, cscommon-XXXX.jar,
# csext-XXXX.jar, csjdbc-XXXX.jar, csserverutil-XXXX.jar, csserver-XXXX.jar, cswebapi-XXXX.jar,
# and customproc-XXXX.jar (where -XXXX is an optional version number).  Any included third party files
# are licensed under the terms contained in their own accompanying LICENSE files, generally named .LICENSE.txt.
# 
# This software is licensed AS-IS. Support for this software is not covered by standard maintenance agreements with TIBCO.
# If you would like to obtain assistance with this software, such assistance may be obtained through a separate paid consulting
# agreement with TIBCO.
#
######################################################################
-->
<ns2:PrivilegeModule xmlns:ns2="http://www.tibco.com/ps/deploytool/modules">
    <resourcePrivilege>
        <id>priv1</id>
        <resourcePath>/shared/test00/DataSources/ServerAttributeDefinitions</resourcePath>
        <resourceOwner>
            <resourceOwnerApply>true</resourceOwnerApply>
            <resourceOwnerName>user2</resourceOwnerName>
            <resourceOwnerDomain>composite</resourceOwnerDomain>
            <resourceOwnerRecurse>true</resourceOwnerRecurse>
        </resourceOwner>
        <recurse>true</recurse>
        <privilege>
            <name>USER2</name>
            <nameType>USER</nameType>
            <domain>composite</domain>
            <privileges>READ WRITE EXECUTE</privileges>
       </privilege>
    </resourcePrivilege>
    <resourcePrivilege>
        <id>priv2</id>
        <resourcePath>/services/webservices/TEST00/testWebService</resourcePath>
        <resourceOwner>
            <resourceOwnerApply>true</resourceOwnerApply>
            <resourceOwnerName>admin</resourceOwnerName>
            <resourceOwnerDomain>composite</resourceOwnerDomain>
            <resourceOwnerRecurse>true</resourceOwnerRecurse>
        </resourceOwner>
        <recurse>true</recurse>

        <privilege>
            <name>group1</name>
            <nameType>GROUP</nameType>
            <domain>composite</domain>
            <privileges>READ WRITE EXECUTE</privileges>
            <combinedPrivileges>NONE</combinedPrivileges>
            <inheritedPrivileges>NONE</inheritedPrivileges>
        </privilege>
        <privilege>
            <name>group2</name>
            <nameType>GROUP</nameType>
            <domain>composite</domain>
            <privileges>READ WRITE EXECUTE SELECT UPDATE INSERT DELETE GRANT</privileges>
            <combinedPrivileges>NONE</combinedPrivileges>
            <inheritedPrivileges>NONE</inheritedPrivileges>
        </privilege>
    </resourcePrivilege>
		
	<resourcePrivilege>
        <id>priv3</id>
        <resourcePath>/shared/test00/DataSources/ds_orders</resourcePath>
        <recurse>true</recurse>

        <privilege>
            <name>group1</name>
            <nameType>GROUP</nameType>
            <domain>composite</domain>
            <privileges>READ EXECUTE</privileges>
            <combinedPrivileges>NONE</combinedPrivileges>
            <inheritedPrivileges>NONE</inheritedPrivileges>
        </privilege>
		
        <privilege>
            <name>group2</name>
            <nameType>GROUP</nameType>
            <domain>composite</domain>
            <privileges>READ EXECUTE SELECT UPDATE INSERT DELETE GRANT</privileges>
            <combinedPrivileges>NONE</combinedPrivileges>
            <inheritedPrivileges>NONE</inheritedPrivileges>
        </privilege>
    </resourcePrivilege>
	
	<resourcePrivilege>
        <id>priv4</id>
        <resourcePath>/shared/test00/TestSecurity/customers/CustomerID</resourcePath>
        <recurse>false</recurse>

        <privilege>
            <name>group1</name>
            <nameType>GROUP</nameType>
            <domain>composite</domain>
            <privileges>READ EXECUTE SELECT</privileges>
            <combinedPrivileges>NONE</combinedPrivileges>
            <inheritedPrivileges>NONE</inheritedPrivileges>
        </privilege>
    </resourcePrivilege>
	
	
</ns2:PrivilegeModule>


