<?xml version="1.0"?>
<!--
######################################################################
# (c) 2017 TIBCO Software Inc. All rights reserved.
# 
# Except as specified below, this software is licensed pursuant to the Eclipse Public License v. 1.0.
# The details can be found in the file LICENSE.
# 
# The following proprietary files are included as a convenience, and may not be used except pursuant
# to valid license to Composite Information Server or TIBCO� Data Virtualization Server:
# csadmin-XXXX.jar, csarchive-XXXX.jar, csbase-XXXX.jar, csclient-XXXX.jar, cscommon-XXXX.jar,
# csext-XXXX.jar, csjdbc-XXXX.jar, csserverutil-XXXX.jar, csserver-XXXX.jar, cswebapi-XXXX.jar,
# and customproc-XXXX.jar (where -XXXX is an optional version number).  Any included third party files
# are licensed under the terms contained in their own accompanying LICENSE files, generally named .LICENSE.txt.
# 
# This software is licensed AS-IS. Support for this software is not covered by standard maintenance agreements with TIBCO.
# If you would like to obtain assistance with this software, such assistance may be obtained through a separate paid consulting
# agreement with TIBCO.
#
######################################################################
-->
<p1:RebindModule xmlns:p1="http://www.tibco.com/ps/deploytool/modules">
    <rebind>
		<!-- Rebind an individual resource of any type and apply one or more rebind rules provided.  Both the from resource and to resource must exist. -->
        <rebindResource>
            <id>rb1</id>
            <resourcePath>/shared/test00/Rebind/RebindResource/Procedures/getCustomerById</resourcePath>
            <resourceType>PROCEDURE</resourceType>
            <rebindRules>
                <oldPath>/shared/test00/DataSources/ds_orders/$CIS_CATALOG$customers</oldPath>
                <oldType>TABLE</oldType>
                <newPath>/shared/test00/DataSourcesCopy/ds_orders/$CIS_CATALOG$customers</newPath>
                <newType>TABLE</newType>
            </rebindRules>
        </rebindResource>
    </rebind>
    <rebind>
        <rebindResource>
            <id>rb2</id>
            <resourcePath>/shared/test00/Rebind/RebindResource/Views/Customers</resourcePath>
            <resourceType>TABLE</resourceType>
            <rebindRules>
                <oldPath>/shared/test00/DataSources/ds_orders/$CIS_CATALOG$customers</oldPath>
                <oldType>TABLE</oldType>
                <newPath>/shared/test00/DataSourcesCopy/ds_orders/$CIS_CATALOG$customers</newPath>
                <newType>TABLE</newType>
            </rebindRules>
        </rebindResource>
    </rebind> 
    <rebind>
        <rebindResource>
            <id>rb3</id>
            <resourcePath>/shared/test00/Rebind/RebindResource/Procedures/packagedCustomerQuery</resourcePath>
            <resourceType>PROCEDURE</resourceType>
            <rebindRules>
                <oldPath>/shared/test00/DataSources/ds_orders</oldPath>
                <oldType>DATA_SOURCE</oldType>
                <newPath>/shared/test00/DataSourcesCopy/ds_orders</newPath>
                <newType>DATA_SOURCE</newType>
            </rebindRules>
        </rebindResource>
    </rebind>	
    <rebind>
        <rebindResource>
            <id>rb4</id>
            <resourcePath>/shared/test00/Rebind/RebindResource/Procedures/streamingXSLT</resourcePath>
            <resourceType>PROCEDURE</resourceType>
            <rebindRules>
                <oldPath>/shared/test00/DataSources/ServerAttributeDefinitions/getServerAttributeDefinitionModule.xml</oldPath>
                <oldType>TREE</oldType>
                <newPath>/shared/test00/DataSourcesCopy/ServerAttributeDefinitions/getServerAttributeDefinitionModule.xml</newPath>
                <newType>TREE</newType>
            </rebindRules>
        </rebindResource>
    </rebind>	
	<rebind>
		<!-- Rebind all views in a starting folder that match the rebindFromFolder and rebind to the rebindToFolder -->
        <rebindFolder>
            <id>rf1</id>
            <startingFolderPath>/shared/test00/Rebind/RebindFolder/Procedures</startingFolderPath>
            <rebindFromFolder>/shared/test00/DataSources/ds_orders/$CIS_CATALOG$</rebindFromFolder>
            <rebindToFolder>/shared/test00/DataSourcesCopy/ds_orders/$CIS_CATALOG$</rebindToFolder>
        </rebindFolder>
    </rebind>
    <rebind>
		<!-- Rebind all sql script procedures in a starting folder that match the rebindFromFolder and rebind to the rebindToFolder -->
       <rebindFolder>
            <id>rf2</id>
            <startingFolderPath>/shared/test00/Rebind/RebindFolder/Views</startingFolderPath>
            <rebindFromFolder>/shared/test00/DataSources/ds_orders/$CIS_CATALOG$</rebindFromFolder>
            <rebindToFolder>/shared/test00/DataSourcesCopy/ds_orders/$CIS_CATALOG$</rebindToFolder>
        </rebindFolder>
    </rebind>
    <rebind>
		<!-- Rebind all xslt procedures in a starting folder that match the rebindFromFolder and rebind to the rebindToFolder -->
       <rebindFolder>
            <id>rf3</id>
            <startingFolderPath>/shared/test00/Rebind/RebindFolder/XSLTProcedures</startingFolderPath>
            <rebindFromFolder>/shared/test00/DataSources/ServerAttributeDefinitions</rebindFromFolder>
            <rebindToFolder>/shared/test00/DataSourcesCopy/ServerAttributeDefinitions</rebindToFolder>
        </rebindFolder>
    </rebind>
   <rebind>
		<!-- Rebind all views in a starting folder that match the rebindFromFolder and rebind to the rebindToFolder -->
        <rebindFolder>
            <id>rf4</id>
            <startingFolderPath>/shared/test00/Rebind/RebindFolder/Procedures</startingFolderPath>
            <rebindFromFolder>/shared/test00/DataSources/ds_orders</rebindFromFolder>
            <rebindToFolder>/shared/test00/DataSourcesCopy/ds_orders</rebindToFolder>
        </rebindFolder>
    </rebind>
	
</p1:RebindModule>
