<?xml version="1.0"?>
<!--
######################################################################
# (c) 2017 TIBCO Software Inc. All rights reserved.
# 
# Except as specified below, this software is licensed pursuant to the Eclipse Public License v. 1.0.
# The details can be found in the file LICENSE.
# 
# The following proprietary files are included as a convenience, and may not be used except pursuant
# to valid license to Composite Information Server or TIBCO� Data Virtualization Server:
# csadmin-XXXX.jar, csarchive-XXXX.jar, csbase-XXXX.jar, csclient-XXXX.jar, cscommon-XXXX.jar,
# csext-XXXX.jar, csjdbc-XXXX.jar, csserverutil-XXXX.jar, csserver-XXXX.jar, cswebapi-XXXX.jar,
# and customproc-XXXX.jar (where -XXXX is an optional version number).  Any included third party files
# are licensed under the terms contained in their own accompanying LICENSE files, generally named .LICENSE.txt.
# 
# This software is licensed AS-IS. Support for this software is not covered by standard maintenance agreements with TIBCO.
# If you would like to obtain assistance with this software, such assistance may be obtained through a separate paid consulting
# agreement with TIBCO.
#
######################################################################
-->
<p1:ResourceModule xmlns:p1="http://www.tibco.com/ps/deploytool/modules">
    <resource>
        <id>testproc</id>
        <resourcePath>testproc</resourcePath>
        <dataServiceName>TEST00</dataServiceName>
        <argument>Test Proc success</argument>
        <argument>0</argument>
        <argument>12.3</argument>
        <argument>3.141592653589793</argument>
        <argument>2000-02-01</argument>
        <argument>23:59:01</argument>
        <argument>1923-03-06 23:59:31</argument>
        <argument></argument>
        <argument>0</argument>   
    </resource>
    <resource>
        <id>testproc-fail</id>
        <resourcePath>testproc</resourcePath>
        <dataServiceName>TEST00</dataServiceName>
        <argument>Test Proc Fail</argument>
        <argument>1</argument>
        <argument>12.3</argument>
        <argument>3.141592653589793</argument>
        <argument>2000-02-01</argument>
        <argument>23:59:01</argument>
        <argument>1923-03-06 23:59:31</argument>
        <argument></argument>
        <argument>1</argument>   
    </resource>
    <resource>
        <id>testprocsimple-success</id>
        <resourcePath>testprocsimple</resourcePath>
        <dataServiceName>TEST00</dataServiceName>
        <argument>Test Proce Simple Success</argument>
        <argument>0</argument> 
    </resource>    
    <resource>
        <id>testprocsimple-success-output-true</id>
        <resourcePath>testprocsimple</resourcePath>
        <dataServiceName>TEST00</dataServiceName>
        <argument>Test Proce Simple Success</argument>
        <argument>0</argument> 
		<outputReturnVariables>true</outputReturnVariables>
    </resource>    
    <resource>
        <id>testprocsimple-success-output-false</id>
        <resourcePath>testprocsimple</resourcePath>
        <dataServiceName>TEST00</dataServiceName>
        <argument>Test Proce Simple Success</argument>
        <argument>0</argument> 
		<outputReturnVariables>false</outputReturnVariables>
    </resource>    
    <resource>
        <id>testprocsimple-fail</id>
        <resourcePath>testprocsimple</resourcePath>
        <dataServiceName>TEST00</dataServiceName>
        <argument>Test Proce Simple Fail</argument>
        <argument>1</argument> 
    </resource>    
    <resource>
        <id>testnoparams</id>
        <resourcePath>testnoparams</resourcePath>
        <dataServiceName>TEST00</dataServiceName>
    </resource>   
	
    <resource>
        <id>exist1</id>
        <resourcePath>/shared/test00/f1/p1</resourcePath>
    </resource>

	<resource>
        <id>copy1</id>
        <resourcePath>/shared/test00/f1/p1</resourcePath>
        <targetContainerPath>/shared/test00/f1</targetContainerPath>
        <newName>p1copy</newName>
        <copyMode>OVERWRITE_REPLACE_IF_EXISTS</copyMode>
    </resource>
	
	<resource>
        <id>rename1</id>
        <resourcePath>/shared/test00/f1/p1copy</resourcePath>
        <targetContainerPath>/shared/test00/f1</targetContainerPath>
        <newName>p1rename</newName>
    </resource>

	<resource>
        <id>move1</id>
        <resourcePath>/shared/test00/f1/p1rename</resourcePath>
        <targetContainerPath>/shared/test00/f1/f2</targetContainerPath>
        <newName>p1move</newName>
    </resource>
	
    <resource>
        <id>delete1</id>
        <resourcePath>/shared/test00/f1/f2/p1move</resourcePath>
    </resource>
	
	<resource>
        <id>lock1</id>
        <resourcePath>/shared/test00/f1/p1</resourcePath>
    </resource>
	
	<resource>
        <id>unlock1</id>
        <resourcePath>/shared/test00/f1/p1</resourcePath>
		<comment>unlocking resource</comment>
    </resource>

	<resource>
        <id>createFolder1</id>
        <resourcePath>/shared/test00/_test2/test2</resourcePath>
        <resourcePath>/shared/test00/_test3</resourcePath>
		<recursive>true</recursive>
		<ignoreErrors>true</ignoreErrors>
    </resource>

	<resource>
        <id>createFolder2</id>
		<resourcePath>/shared/test00/DataSourcesCopy/ds_orders/admin</resourcePath>
 		<recursive>false</recursive>
		<ignoreErrors>true</ignoreErrors>
    </resource>
	
</p1:ResourceModule>