<?xml version="1.0" encoding="UTF-8" standalone="yes"?>
<ns2:ResourceCacheModule xmlns:ns2="http://www.cisco.dvbu.com/ps/deploytool/modules">
    <resourceCache>
        <id>cache1</id>
        <resourcePath>/shared/test00/DataSources/ds_orders/orders</resourcePath>
        <resourceType>TABLE</resourceType>
        <cacheConfig>
            <configured>true</configured>
            <enabled>true</enabled>
            <storage>
                <mode>AUTOMATIC</mode>
            </storage>
            <refresh>
                <mode>SCHEDULED</mode>
                <schedule>
                    <startTime>2011-06-10T17:43:53.000Z</startTime>
                    <refreshPeriod>
                        <period>SECOND</period>
                        <count>0</count>
                    </refreshPeriod>
                </schedule>
            </refresh>
            <expirationPeriod>
                <period>SECOND</period>
                <count>0</count>
            </expirationPeriod>
            <clearRule>NONE</clearRule>
        </cacheConfig>
    </resourceCache>
    <resourceCache>
        <id>cache2</id>
        <resourcePath>/shared/test00/ResourceCache/customer_cache</resourcePath>
        <resourceType>TABLE</resourceType>
        <cacheConfig>
            <configured>true</configured>
            <enabled>true</enabled>
            <storage>
                <mode>AUTOMATIC</mode>
            </storage>
            <refresh>
                <mode>SCHEDULED</mode>
                <schedule>
                    <startTime>2011-06-09T11:50:47.000Z</startTime>
                    <refreshPeriod>
                        <period>SECOND</period>
                        <count>2000000</count>
                    </refreshPeriod>
                </schedule>
            </refresh>
            <expirationPeriod>
                <period>SECOND</period>
                <count>2000</count>
            </expirationPeriod>
            <clearRule>NONE</clearRule>
        </cacheConfig>
    </resourceCache>
    <resourceCache>
        <id>cache3</id>
        <resourcePath>/shared/test00/ResourceCache/testCacheProc</resourcePath>
        <resourceType>PROCEDURE</resourceType>
        <cacheConfig>
            <configured>true</configured>
            <enabled>true</enabled>
            <storage>
                <mode>AUTOMATIC</mode>
            </storage>
            <refresh>
                <mode>SCHEDULED</mode>
                <schedule>
                    <startTime>2011-06-12T11:50:21.000Z</startTime>
                    <refreshPeriod>
                        <period>MONTH</period>
                        <count>1</count>
                    </refreshPeriod>
                </schedule>
            </refresh>
            <expirationPeriod>
                <period>SECOND</period>
                <count>5001</count>
            </expirationPeriod>
            <clearRule>NONE</clearRule>
        </cacheConfig>
    </resourceCache>
    <resourceCache>
        <id>cache4</id>
        <resourcePath>/shared/test00/ResourceCache/testCacheView</resourcePath>
        <resourceType>TABLE</resourceType>
        <cacheConfig>
            <configured>true</configured>
            <enabled>true</enabled>
            <storage>
                <mode>AUTOMATIC</mode>
            </storage>
            <refresh>
                <mode>SCHEDULED</mode>
                <schedule>
                    <startTime>2011-03-20T09:26:05.000Z</startTime>
                    <refreshPeriod>
                        <period>WEEK</period>
                        <count>2</count>
                    </refreshPeriod>
                </schedule>
            </refresh>
            <expirationPeriod>
                <period>SECOND</period>
                <count>0</count>
            </expirationPeriod>
            <clearRule>ON_LOAD</clearRule>
        </cacheConfig>
    </resourceCache>
    <resourceCache>
        <id>cache_disable_single</id>
        <resourcePath>/shared/test00/ResourceCache/testCacheView</resourcePath>
        <resourceType>TABLE</resourceType>
        <cacheConfig>
            <enabled>false</enabled>
        </cacheConfig>
    </resourceCache>
   <resourceCache>
        <id>cache_enable_single</id>
        <resourcePath>/shared/test00/ResourceCache/testCacheView</resourcePath>
        <resourceType>TABLE</resourceType>
        <cacheConfig>
            <enabled>true</enabled>
        </cacheConfig>
    </resourceCache>
    <resourceCache>
        <id>cache_enable_all</id>
        <resourcePath>/shared/test00</resourcePath>
        <resourceType>CONTAINER</resourceType>
        <cacheConfig>
            <enabled>true</enabled>
        </cacheConfig>
    </resourceCache>
    <resourceCache>
        <id>cache_disable_all</id>
        <resourcePath>/shared/test00</resourcePath>
        <resourceType>CONTAINER</resourceType>
        <cacheConfig>
            <enabled>false</enabled>
        </cacheConfig>
    </resourceCache>
</ns2:ResourceCacheModule>
