<?xml version="1.0" encoding="UTF-8" standalone="yes"?>
<ns2:ServerAttributeModule xmlns:ns2="http://www.cisco.dvbu.com/ps/deploytool/modules">
    <serverAttribute>
        <id>server7</id>
        <name>/monitor/server/connection/secondaryHosts</name>
        <type>STRING_ARRAY</type>
        <valueArray>
            <item>localhost</item>
            <item>host2</item>			
        </valueArray>
    </serverAttribute>
    <serverAttribute>
        <id>server8</id>
        <name>/monitor/server/connection/secondaryPorts</name>
        <type>INT_ARRAY</type>
        <valueArray>
            <item>9400</item>
            <item>9410</item>			
        </valueArray>
    </serverAttribute>
    <serverAttribute>
        <id>server9</id>
        <name>/server/api/protocol/supportedProtocolVersions</name>
        <type>STRING_ARRAY</type>
        <valueArray>
            <item>5.0</item>
            <item>4.0</item>
            <item>3.1</item>
            <item>3.0</item>
            <item>2.0</item>
            <item>1.2</item>
            <item>1.1</item>
            <item>1.0</item>
        </valueArray>
    </serverAttribute>	
	
	<serverAttribute>
        <id>server57</id>
        <name>/server/config/email/messageFromAddress</name>
        <type>STRING</type>
        <value>user1@compositesw.com</value>
    </serverAttribute>
    <serverAttribute>
        <id>server58</id>
        <name>/server/config/email/smtpAuthRequired</name>
        <type>BOOLEAN</type>
        <value>false</value>
    </serverAttribute>
    <serverAttribute>
        <id>server59</id>
        <name>/server/config/email/smtpAuthUserName</name>
        <type>STRING</type>
        <value>user1</value>
    </serverAttribute>
    <serverAttribute>
        <id>server60</id>
        <name>/server/config/email/smtpAuthUserPassword</name>
        <type>PASSWORD_STRING</type>
        <value>password</value>
    </serverAttribute>
    <serverAttribute>
        <id>server61</id>
        <name>/server/config/email/smtpHost</name>
        <type>STRING</type>
        <value>myhost.compositesw.com</value>
    </serverAttribute>
    <serverAttribute>
        <id>server62</id>
        <name>/server/config/email/smtpPort</name>
        <type>INTEGER</type>
        <value>25</value>
    </serverAttribute>

	
    <serverAttribute>
        <id>studio1</id>
        <name>/studio/data/cursorFetchLimit</name>
        <type>INTEGER</type>
        <value>2000</value>
    </serverAttribute>
    <serverAttribute>
        <id>studio2</id>
        <name>/studio/data/examplelist</name>
        <type>LIST</type>
        <valueList>
            <item>
                <type>STRING</type>
                <value>aaaa</value>
            </item>
            <item>
                <type>STRING</type>
                <value>bbbb</value>
            </item>
            <item>
                <type>STRING</type>
                <value>cccc</value>
            </item>
        </valueList>
    </serverAttribute>
    <serverAttribute>
        <id>studio3</id>
        <name>/studio/data/examplemap</name>
        <type>MAP</type>
        <valueMap>
            <entry>
                <key>
                    <type>STRING</type>
                    <value>kkkk1</value>
                </key>
                <value>
                    <type>STRING</type>
                    <value>vvvv1</value>
                </value>
            </entry>
            <entry>
                <key>
                    <type>STRING</type>
                    <value>kkkk2</value>
                </key>
                <value>
                    <type>STRING</type>
                    <value>vvvv2</value>
                </value>
            </entry>
            <entry>
                <key>
                    <type>STRING</type>
                    <value>kkkk3</value>
                </key>
                <value>
                    <type>STRING</type>
                    <value>vvvv3</value>
                </value>
            </entry>        </valueMap>
    </serverAttribute>
    <serverAttribute>
        <id>studio4</id>
        <name>/studio/data/rowFetchSize</name>
        <type>INTEGER</type>
        <value>1000</value>
    </serverAttribute>
    <serverAttribute>
        <id>studio5</id>
        <name>/studio/data/xmlTextLimit</name>
        <type>INTEGER</type>
        <value>100000</value>
    </serverAttribute>
    <serverAttribute>
        <id>studio6</id>
        <name>/studio/lock/enabled</name>
        <type>BOOLEAN</type>
        <value>false</value>
    </serverAttribute>	
</ns2:ServerAttributeModule>
