<?xml version="1.0" encoding="UTF-8" standalone="yes"?>
<ns2:RegressionModule xmlns:ns2="http://www.dvbu.cisco.com/ps/deploytool/modules">
    <regressionTest>
        <id>Test1</id>
        <inputFilePath>C:\\tmp\\pdtool\\regression1.inp</inputFilePath>
        <createNewFile>yes</createNewFile>
        <newFileParams>
            <createQueries>yes</createQueries>
            <createProcedures>yes</createProcedures>
            <createWS>yes</createWS>
            <createSoapType>soap11</createSoapType>
            <useDefaultViewQuery>no</useDefaultViewQuery>
            <useDefaultProcQuery>no</useDefaultProcQuery>
            <useDefaultWSQuery>no</useDefaultWSQuery>
            <publishedViewQry>SELECT count(1) cnt FROM</publishedViewQry>
            <publishedProcQry>SELECT count(*) cnt FROM</publishedProcQry>
            <useAllDatasources>no</useAllDatasources>
            <datasources>
                <dsName>My Orders</dsName>
                <dsName>MYTEST</dsName>
                <dsName></dsName>
                <dsName>examplesWS</dsName>
                <dsName>testWebService</dsName>
                <dsName>testWebService_Params_bare</dsName>
                <dsName>testWebService_Params_wrapped</dsName>
                <dsName>testWebService_NoParams_bare</dsName>
                <dsName>testWebService_NoParams_wrapped</dsName>
            </datasources>
            <resources>
                <resource>CAT*</resource>
                <resource>TEST00.testWebService*</resource>
            </resources>
            <defaultProcParamValues>
                <bit>1</bit>
                <varchar>'dummyStr'</varchar>
                <char>'a'</char>
                <clob>A</clob>
                <integer>1</integer>
                <int>1</int>
                <bigint>1</bigint>
                <smallint>1</smallint>
                <tinyint>1</tinyint>
                <decimal>1.0</decimal>
                <numeric>1.0</numeric>
                <real>1.0</real>
                <float>1.0</float>
                <double>1.0</double>
                <date>'2011-01-01'</date>
                <time>'00:00:00'</time>
                <timestamp>'2011-01-01 00:00:00'</timestamp>
                <binary>''</binary>
                <varbinary>''</varbinary>
                <blob>''</blob>
                <xml>''</xml>
            </defaultProcParamValues>
        </newFileParams>
        <testRunParams>
            <testType>functional</testType>
            <logFilePath>C:/tmp/pdtool/FunctionalTest.log</logFilePath>
            <logDelimiter>PIPE</logDelimiter>
            <logAppend>no</logAppend>
            <baseDir>c:/tmp/pdtool/functest</baseDir>
            <delimiter>PIPE</delimiter>
            <printOutput>summary</printOutput>
            <perfTestThreads>10</perfTestThreads>
            <perfTestDuration>60</perfTestDuration>
            <perfTestSleepPrint>5</perfTestSleepPrint>
            <perfTestSleepExec>1</perfTestSleepExec>
            <runQueries>yes</runQueries>
            <runProcedures>yes</runProcedures>
            <runWS>yes</runWS>
            <useAllDatasources>no</useAllDatasources>
            <datasources>
                <dsName>My Orders</dsName>
                <dsName>system</dsName>
                <dsName>MYTEST</dsName>
                <dsName>examplesWS</dsName>
                <dsName>testWebService</dsName>
                <dsName>testWebService_Params_bare</dsName>
                <dsName>testWebService_Params_wrapped</dsName>
                <dsName>testWebService_NoParams_bare</dsName>
                <dsName>testWebService_NoParams_wrapped</dsName>
            </datasources>
            <resources/>
        </testRunParams>
    </regressionTest>
    <regressionTest>
        <id>Test2.1</id>
        <inputFilePath>C:\\tmp\\pdtool\\regression1.inp</inputFilePath>
        <createNewFile>no</createNewFile>
        <testRunParams>
            <testType>migration</testType>
            <logFilePath>C:/tmp/pdtool/MigrationTest51.log</logFilePath>
            <logDelimiter>PIPE</logDelimiter>
            <logAppend>no</logAppend>
            <baseDir>C:/tmp/pdtool/cis51</baseDir>
            <delimiter>PIPE</delimiter>
            <printOutput>summary</printOutput>
            <runQueries>yes</runQueries>
            <runProcedures>yes</runProcedures>
            <runWS>yes</runWS>
            <useAllDatasources>no</useAllDatasources>
            <datasources>
                <dsName>My Orders</dsName>
                <dsName>system</dsName>
                <dsName>MYTEST</dsName>
                <dsName>testWebService</dsName>
                <dsName>testWebService_Params_bare</dsName>
                <dsName>testWebService_Params_wrapped</dsName>
                <dsName>testWebService_NoParams_bare</dsName>
                <dsName>testWebService_NoParams_wrapped</dsName>
            </datasources>
            <resources/>
        </testRunParams>
    </regressionTest>
    <regressionTest>
        <id>Test2.2</id>
        <inputFilePath>C:\\tmp\\pdtool\\regression1.inp</inputFilePath>
        <createNewFile>no</createNewFile>
        <testRunParams>
            <testType>migration</testType>
            <logFilePath>C:/tmp/pdtool/MigrationTest61.log</logFilePath>
            <logDelimiter>PIPE</logDelimiter>
            <logAppend>no</logAppend>
            <baseDir>C:/tmp/pdtool/cis61</baseDir>
            <delimiter>PIPE</delimiter>
            <printOutput>summary</printOutput>
            <runQueries>yes</runQueries>
            <runProcedures>yes</runProcedures>
            <runWS>yes</runWS>
            <useAllDatasources>no</useAllDatasources>
            <datasources>
                <dsName>My Orders</dsName>
                <dsName>system</dsName>
                <dsName>MYTEST</dsName>
                <dsName>testWebService</dsName>
                <dsName>testWebService_Params_bare</dsName>
                <dsName>testWebService_Params_wrapped</dsName>
                <dsName>testWebService_NoParams_bare</dsName>
                <dsName>testWebService_NoParams_wrapped</dsName>
            </datasources>
            <resources/>
        </testRunParams>
        <compareFiles>
            <logFilePath>C:\\tmp\\pdtool\\MigrationCompareFiles2.log</logFilePath>
            <logDelimiter>PIPE</logDelimiter>
            <logAppend>no</logAppend>
            <baseDir1>C:/tmp/pdtool/cis51</baseDir1>
            <baseDir2>C:/tmp/pdtool/cis61</baseDir2>
            <compareQueries>yes</compareQueries>
            <compareProcedures>yes</compareProcedures>
            <compareWS>yes</compareWS>
            <useAllDatasources>no</useAllDatasources>
            <datasources>
                <dsName>system</dsName>
                <dsName>MYTEST</dsName>
                <dsName>testWebService</dsName>
                <dsName>testWebService_Params_bare</dsName>
                <dsName>testWebService_Params_wrapped</dsName>
                <dsName>testWebService_NoParams_bare</dsName>
                <dsName>testWebService_NoParams_wrapped</dsName>
            </datasources>
            <resources/>
        </compareFiles>
        <compareLogs>
            <logFilePath>C:\\tmp\\pdtool\\MigrationCompareLogs2.log</logFilePath>
            <logDelimiter>PIPE</logDelimiter>
            <logAppend>no</logAppend>
            <logFilePath1>C:/tmp/pdtool/MigrationTest51.log</logFilePath1>
            <logFilePath2>C:/tmp/pdtool/MigrationTest61.log</logFilePath2>
            <logDelimiter1>PIPE</logDelimiter1>
            <logDelimiter2>PIPE</logDelimiter2>
            <durationDelta>000 00:00:01.0000</durationDelta>
        </compareLogs>
    </regressionTest>
    <regressionTest>
        <id>Test3.1</id>
        <inputFilePath>C:\\tmp\\pdtool\\regression2.inp</inputFilePath>
        <createNewFile>yes</createNewFile>
        <testRunParams>
            <testType>performance</testType>
            <logFilePath>C:/tmp/pdtool/PerfTest1.log</logFilePath>
            <logDelimiter>PIPE</logDelimiter>
            <logAppend>no</logAppend>
            <baseDir>C:/tmp/pdtool/cis51</baseDir>
            <delimiter>PIPE</delimiter>
            <printOutput>summary</printOutput>
            <perfTestThreads>1</perfTestThreads>
            <perfTestDuration>10</perfTestDuration>
            <perfTestSleepPrint>5</perfTestSleepPrint>
            <perfTestSleepExec>0</perfTestSleepExec>
            <runQueries>yes</runQueries>
            <runProcedures>yes</runProcedures>
            <runWS>yes</runWS>
            <useAllDatasources>no</useAllDatasources>
            <datasources>
                <dsName>My Orders</dsName>
                <dsName>system</dsName>
                <dsName>MYTEST</dsName>
                <dsName></dsName>
                <dsName>testWebService</dsName>
                <dsName>testWebService_Params_bare</dsName>
                <dsName>testWebService_Params_wrapped</dsName>
                <dsName>testWebService_NoParams_bare</dsName>
                <dsName>testWebService_NoParams_wrapped</dsName>
            </datasources>
            <resources>
                <resource>My Catalog.*</resource>
                <resource>all_domains</resource>
                <resource>CAT1.*</resource>
                <resource>SCH1.*</resource>
                <resource>ViewSales</resource>
                <resource>LookupProduct</resource>
                <resource>testWebService.*</resource>
            </resources>
        </testRunParams>
    </regressionTest>
    <regressionTest>
        <id>Test3.2</id>
        <inputFilePath>C:\\tmp\\pdtool\\regression1.inp</inputFilePath>
        <createNewFile>yes</createNewFile>
        <testRunParams>
            <testType>performance</testType>
            <logFilePath>C:/tmp/pdtool/PerfTest2.log</logFilePath>
            <logDelimiter>PIPE</logDelimiter>
            <logAppend>no</logAppend>
            <baseDir>C:/tmp/pdtool/cis61</baseDir>
            <delimiter>PIPE</delimiter>
            <printOutput>summary</printOutput>
            <perfTestThreads>1</perfTestThreads>
            <perfTestDuration>10</perfTestDuration>
            <perfTestSleepPrint>5</perfTestSleepPrint>
            <perfTestSleepExec>0</perfTestSleepExec>
            <runQueries>yes</runQueries>
            <runProcedures>yes</runProcedures>
            <runWS>yes</runWS>
            <useAllDatasources>no</useAllDatasources>
            <datasources>
                <dsName>My Orders</dsName>
                <dsName>system</dsName>
                <dsName>MYTEST</dsName>
                <dsName></dsName>
                <dsName>testWebService</dsName>
                <dsName>testWebService_Params_bare</dsName>
                <dsName>testWebService_Params_wrapped</dsName>
                <dsName>testWebService_NoParams_bare</dsName>
                <dsName>testWebService_NoParams_wrapped</dsName>
            </datasources>
            <resources>
                <resource>My Catalog.*</resource>
                <resource>all_domains</resource>
                <resource>CAT1.*</resource>
                <resource>SCH1.*</resource>
                <resource>ViewSales</resource>
                <resource>LookupProduct</resource>
                <resource>testWebService.*</resource>
            </resources>
        </testRunParams>
        <compareLogs>
            <logFilePath>C:\\tmp\\pdtool\\PerformanceTestCompareLogs.log</logFilePath>
            <logDelimiter>PIPE</logDelimiter>
            <logAppend>no</logAppend>
            <logFilePath1>C:/tmp/pdtool/PerfTest1.log</logFilePath1>
            <logFilePath2>C:/tmp/pdtool/PerfTest2.log</logFilePath2>
            <logDelimiter1>PIPE</logDelimiter1>
            <logDelimiter2>PIPE</logDelimiter2>
            <durationDelta>000 00:00:01.0000</durationDelta>
        </compareLogs>
    </regressionTest>
    <regressionTest>
        <id>Test4.1</id>
        <inputFilePath>C:\\tmp\\pdtool\\regression1.inp</inputFilePath>
        <tempDirPath>C:\\tmp\\pdtool</tempDirPath>
        <createNewFile>no</createNewFile>
        <newFileParams>
            <createQueries>yes</createQueries>
            <createProcedures>yes</createProcedures>
            <createWS>yes</createWS>
            <createSoapType>soap11</createSoapType>
            <useDefaultViewQuery>yes</useDefaultViewQuery>
            <useDefaultProcQuery>yes</useDefaultProcQuery>
            <useDefaultWSQuery>yes</useDefaultWSQuery>
            <publishedViewQry>SELECT count(1) cnt FROM</publishedViewQry>
            <publishedProcQry>SELECT count(1) cnt FROM</publishedProcQry>
            <useAllDatasources>no</useAllDatasources>
            <datasources>
                <dsName>TEST00</dsName>
                <dsName>CustomerWS</dsName>
            </datasources>
            <resources>
                <resource>CAT1.*.customers</resource>
                <resource>CAT2.*.customers</resource>
                <resource>Common.*.getCustomerById</resource>
                <resource>TEST00.CAT1.*</resource>
                <resource>TEST00.CAT2.*</resource>
                <resource>TEST00.Common.*</resource>
            </resources>
            <securityGenerationOptions>
                <pathToTargetRegressionXML>$PROJECT_HOME_PHYSICAL\\resources\\modules\\generated\\getRegressionModule.xml</pathToTargetRegressionXML>
                <encryptedPassword>Encrypted:B0873483C56F7498</encryptedPassword>
                <userFilter>user1,user2</userFilter>
                <domainFilter>composite</domainFilter>
                <userMode>OVERWRITE</userMode>
                <queryMode>OVERWRITE</queryMode>
                <planMode>OVERWRITE</planMode>
                <planModeType>MULTIPLAN</planModeType>
                <planIdPrefix>sp</planIdPrefix>
                <planGenerateExpectedOutcome>true</planGenerateExpectedOutcome>
                <flattenSecurityUsersXML>true</flattenSecurityUsersXML>
                <flattenSecurityQueryQueriesXML>true</flattenSecurityQueryQueriesXML>
                <flattenSecurityQueryProceduresXML>true</flattenSecurityQueryProceduresXML>
                <flattenSecurityQueryWebServicesXML>true</flattenSecurityQueryWebServicesXML>
                <flattenSecurityPlansXML>true</flattenSecurityPlansXML>
            </securityGenerationOptions>
            <defaultProcParamValues>
                <bit>1</bit>
                <varchar>'dummyStr'</varchar>
                <char>'a'</char>
                <clob>A</clob>
                <integer>1</integer>
                <int>1</int>
                <bigint>1</bigint>
                <smallint>1</smallint>
                <tinyint>1</tinyint>
                <decimal>1.0</decimal>
                <numeric>1.0</numeric>
                <real>1.0</real>
                <float>1.0</float>
                <double>1.0</double>
                <date>'2011-01-01'</date>
                <time>'00:00:00'</time>
                <timestamp>'2011-01-01 00:00:00'</timestamp>
                <binary>''</binary>
                <varbinary>''</varbinary>
                <blob>''</blob>
                <xml>''</xml>
            </defaultProcParamValues>
        </newFileParams>
        <testRunParams>
            <testType>security</testType>
            <logFilePath>C:/tmp/pdtool/SecurityTest.log</logFilePath>
            <logDelimiter>PIPE</logDelimiter>
            <logAppend>no</logAppend>
            <baseDir>C:/tmp/pdtool/cis61</baseDir>
            <delimiter>PIPE</delimiter>
            <printOutput>summary</printOutput>
            <securityExecution>
                <securityPlanIds>sp*</securityPlanIds>
                <securityOverallRatingException>false</securityOverallRatingException>
                <securityExecutionErrorException>true</securityExecutionErrorException>
            </securityExecution>
            <runQueries>yes</runQueries>
            <runProcedures>yes</runProcedures>
            <runWS>yes</runWS>
            <useAllDatasources>no</useAllDatasources>
            <datasources>
                <dsName>TEST00</dsName>
                <dsName>CustomerWS</dsName>
            </datasources>
            <resources/>
        </testRunParams>
    </regressionTest>
    <regressionQueries>
        <regressionQuery>
            <datasource>My Orders</datasource>
            <query>SELECT  "Orders Open".Ship_State, "Orders Open".Quantity Total_Quantity FROM "My Catalog"  .  "My Schema" ."Orders Open"</query>
        </regressionQuery>
        <regressionQuery>
            <datasource>My Orders</datasource>
            <query>SELECT  Orders_Closed.Ship_State, Orders_Closed.Quantity Total_Quantity FROM "My Catalog"."My Schema".Orders_Closed</query>
        </regressionQuery>
        <regressionQuery>
            <datasource>My Orders</datasource>
            <query>SELECT  "Orders Open Complex".Ship_State, count("Orders Open Complex".Quantity) Total_Quantity FROM "My Catalog"."My Schema"."Orders Open Complex" "Orders Open Complex" GROUP BY "Orders Open Complex".Ship_State  EXCEPT SELECT "Orders Open Complex".Ship_State,  count("Orders Open Complex".Quantity) Total_Quantity FROM  "My Catalog"."My Schema"."Orders Open Complex" "Orders Open Complex" WHERE Ship_State = 'FL' GROUP BY "Orders Open Complex".Ship_State</query>
        </regressionQuery>
        <regressionQuery>
            <datasource>My Orders</datasource>
            <query>SELECT  "Orders.Open . Complex".Ship_State, count("Orders.Open . Complex".Quantity) Total_Quantity FROM "My Catalog" . "My Schema" .  "Orders.Open . Complex" "Orders.Open . Complex" GROUP BY "Orders.Open . Complex".Ship_State  EXCEPT SELECT "Orders.Open . Complex".Ship_State,  count("Orders.Open . Complex".Quantity) Total_Quantity FROM  "My Catalog"."My Schema"."Orders.Open . Complex" "Orders.Open . Complex" WHERE Ship_State = 'FL' GROUP BY "Orders.Open . Complex".Ship_State</query>
        </regressionQuery>
        <regressionQuery>
            <datasource>MYTEST</datasource>
            <query>SELECT ProductID, ProductName, ReorderLevel, LeadTime, "$$Status" FROM ViewSales2 WHERE "$$Status" = '$VIEWSALES_STATUS' order by ProductID</query>
        </regressionQuery>
        <regressionQuery>
            <datasource>MYTEST</datasource>
            <query>SELECT * FROM CAT1.SCH1.ViewSales2 WHERE ProductName like '$PRODUCT_NAME_WILDCARD'</query>
        </regressionQuery>
        <regressionQuery>
            <datasource>MYTEST</datasource>
            <query>SELECT * FROM ViewSales WHERE ReorderLevel &lt;= 3</query>
        </regressionQuery>
        <regressionQuery>
            <datasource>MYTEST</datasource>
            <query>SELECT * FROM SCH1.ViewOrder</query>
            <durationDelta>000 00:00:00.0005</durationDelta>
        </regressionQuery>
        <regressionQuery>
            <datasource>MYTEST</datasource>
            <query>SELECT * FROM SCH1.ViewSales WHERE CategoryID = 7</query>
        </regressionQuery>
        <regressionQuery>
            <datasource>MYTEST</datasource>
            <query>SELECT * FROM CAT1.SCH1.ViewSales where Discount &gt; 0</query>
        </regressionQuery>
        <regressionQuery>
            <datasource>MYTEST</datasource>
            <query>SELECT * FROM CAT1.SCH2.ViewSales WHERE ProductName like 'Mega%'</query>
        </regressionQuery>
        <regressionQuery>
            <datasource>MYTEST</datasource>
            <query>SELECT * FROM CAT1.SCH2.ViewSupplier</query>
        </regressionQuery>
        <regressionQuery>
            <datasource>MYTEST</datasource>
            <query>SELECT * FROM getProductName(1)</query>
        </regressionQuery>
        <regressionQuery>
            <datasource>MYTEST</datasource>
            <query>SELECT count(*) cnt FROM CAT1.SCH1.LookupProduct( 3 )</query>
        </regressionQuery>
        <regressionQuery>
            <datasource>MYTEST</datasource>
            <query>SELECT count(*) cnt FROM CAT1.SCH2.LookupProduct( 4 )</query>
        </regressionQuery>
        <regressionQuery>
            <datasource>testWebService_wrapped</datasource>
            <query>&lt;soapenv:Envelope xmlns:soapenv="http://schemas.xmlsoap.org/soap/envelope/" xmlns:tem="http://tempuri.org/"&gt;
    &lt;soapenv:Header/&gt;
    &lt;soapenv:Body&gt;
		&lt;tem:customers&gt;
			&lt;tem:customersInput&gt;&lt;/tem:customersInput&gt;
		&lt;/tem:customers&gt;
	&lt;/soapenv:Body&gt;
&lt;/soapenv:Envelope&gt;</query>
            <wsPath>/soap11/TEST00/testWebService_wrapped</wsPath>
            <wsAction>customers</wsAction>
            <wsEncrypt>false</wsEncrypt>
            <wsContentType>text/xml;charset=UTF-8</wsContentType>
        </regressionQuery>
        <regressionQuery>
            <datasource>testWebService_wrapped</datasource>
            <query>&lt;soapenv:Envelope xmlns:soapenv="http://schemas.xmlsoap.org/soap/envelope/" xmlns:tem="http://tempuri.org/"&gt;
    &lt;soapenv:Header/&gt;
    &lt;soapenv:Body&gt;
		&lt;tem:WrapperedGetcustomerbyid&gt;
			&lt;tem:getCustomerByIdCustid&gt;1&lt;/tem:getCustomerByIdCustid&gt;
		&lt;/tem:WrapperedGetcustomerbyid&gt;
	&lt;/soapenv:Body&gt;
&lt;/soapenv:Envelope&gt;</query>
            <wsPath>/soap11/TEST00/testWebService_wrapped</wsPath>
            <wsAction>getCustomerByIdCustid</wsAction>
            <wsEncrypt>false</wsEncrypt>
            <wsContentType>text/xml;charset=UTF-8</wsContentType>
        </regressionQuery>
        <regressionQuery>
            <datasource>testWebService_wrapped</datasource>
            <query>&lt;soap:Envelope xmlns:soap="http://www.w3.org/2003/05/soap-envelope" xmlns:tem="http://tempuri.org/"&gt;
    &lt;soap:Header/&gt;
    &lt;soap:Body&gt;
		&lt;tem:customers&gt;
			&lt;tem:customersInput&gt;&lt;/tem:customersInput&gt;
		&lt;/tem:customers&gt;
	&lt;/soap:Body&gt;
&lt;/soap:Envelope&gt;</query>
            <wsPath>/soap12/TEST00/testWebService_wrapped</wsPath>
            <wsAction>customers</wsAction>
            <wsEncrypt>false</wsEncrypt>
            <wsContentType>application/soap+xml;charset=UTF-8</wsContentType>
        </regressionQuery>
        <regressionQuery>
            <datasource>testWebService_wrapped</datasource>
            <query>&lt;soap:Envelope xmlns:soap="http://www.w3.org/2003/05/soap-envelope" xmlns:tem="http://tempuri.org/"&gt;
    &lt;soap:Header/&gt;
    &lt;soap:Body&gt;
		&lt;tem:WrapperedGetcustomerbyid&gt;
			&lt;tem:getCustomerByIdCustid&gt;1&lt;/tem:getCustomerByIdCustid&gt;
		&lt;/tem:WrapperedGetcustomerbyid&gt;
	&lt;/soap:Body&gt;
&lt;/soap:Envelope&gt;</query>
            <wsPath>/soap12/TEST00/testWebService_wrapped</wsPath>
            <wsAction>getCustomerByIdCustid</wsAction>
            <wsEncrypt>false</wsEncrypt>
            <wsContentType>application/soap+xml;charset=UTF-8</wsContentType>
        </regressionQuery>
        <regressionQuery>
            <datasource>testWebService_bare</datasource>
            <query>&lt;soapenv:Envelope xmlns:soapenv="http://schemas.xmlsoap.org/soap/envelope/" xmlns:ns1="http://tempuri.org/"&gt;
	&lt;soapenv:Header/&gt;
	&lt;soapenv:Body&gt;
		&lt;tem:customers&gt;
			&lt;tem:customersInput&gt;&lt;/tem:customersInput&gt;
		&lt;/tem:customers&gt;
	&lt;/soapenv:Body&gt;
&lt;/soapenv:Envelope&gt;</query>
            <wsPath>/soap11/TEST00/testWebService_bare</wsPath>
            <wsAction>getCustomerByIdCustid</wsAction>
            <wsEncrypt>false</wsEncrypt>
            <wsContentType>text/xml;charset=UTF-8</wsContentType>
        </regressionQuery>
        <regressionQuery>
            <datasource>testWebService_bare</datasource>
            <query>&lt;soapenv:Envelope xmlns:soapenv="http://schemas.xmlsoap.org/soap/envelope/" xmlns:ns1="http://tempuri.org/"&gt;
	&lt;soapenv:Header/&gt;
	&lt;soapenv:Body&gt;
			&lt;ns1:getCustomerByIdCustid&gt;1&lt;/ns1:getCustomerByIdCustid&gt;
	&lt;/soapenv:Body&gt;
&lt;/soapenv:Envelope&gt;</query>
            <wsPath>/soap11/TEST00/testWebService_bare</wsPath>
            <wsAction>getCustomerByIdCustid</wsAction>
            <wsEncrypt>false</wsEncrypt>
            <wsContentType>text/xml;charset=UTF-8</wsContentType>
        </regressionQuery>
        <regressionQuery>
            <datasource>testWebService_bare</datasource>
            <query>&lt;soapenv:Envelope xmlns:soapenv="http://www.w3.org/2003/05/soap-envelope" xmlns:ns1="http://tempuri.org/"&gt;
	&lt;soapenv:Header/&gt;
	&lt;soapenv:Body&gt;
		&lt;tem:customers&gt;
			&lt;tem:customersInput&gt;&lt;/tem:customersInput&gt;
		&lt;/tem:customers&gt;
	&lt;/soapenv:Body&gt;
&lt;/soapenv:Envelope&gt;</query>
            <wsPath>/soap12/TEST00/testWebService_bare</wsPath>
            <wsAction>getCustomerByIdCustid</wsAction>
            <wsEncrypt>false</wsEncrypt>
            <wsContentType>text/xml;charset=UTF-8</wsContentType>
        </regressionQuery>
        <regressionQuery>
            <datasource>testWebService_bare</datasource>
            <query>&lt;soapenv:Envelope xmlns:soapenv="http://www.w3.org/2003/05/soap-envelope" xmlns:ns1="http://tempuri.org/"&gt;
	&lt;soapenv:Header/&gt;
	&lt;soapenv:Body&gt;
			&lt;ns1:getCustomerByIdCustid&gt;1&lt;/ns1:getCustomerByIdCustid&gt;
		&lt;/soapenv:Body&gt;
&lt;/soapenv:Envelope&gt;</query>
            <wsPath>/soap12/TEST00/testWebService_bare</wsPath>
            <wsAction>getCustomerByIdCustid</wsAction>
            <wsEncrypt>false</wsEncrypt>
            <wsContentType>application/soap+xml;charset=UTF-8</wsContentType>
        </regressionQuery>
        <regressionQuery>
            <datasource>testWebService</datasource>
            <query>&lt;soapenv:Envelope xmlns:soapenv="http://schemas.xmlsoap.org/soap/envelope/"&gt;     
	&lt;soapenv:Body&gt;         
		&lt;ns1:customers xmlns:ns1="http://localhost/services/webservices/TEST00/testWebService/testService"&gt;&lt;/ns1:customers&gt;    
	&lt;/soapenv:Body&gt; 
&lt;/soapenv:Envelope&gt;</query>
            <wsPath>/services/webservices/TEST00/testWebService/testService/testPort.ws</wsPath>
            <wsAction>customers</wsAction>
            <wsEncrypt>false</wsEncrypt>
            <wsContentType>text/xml;charset=UTF-8</wsContentType>
        </regressionQuery>
        <regressionQuery>
            <datasource>testWebService</datasource>
            <query>&lt;soapenv:Envelope xmlns:soapenv="http://schemas.xmlsoap.org/soap/envelope/"&gt;     
	&lt;soapenv:Body&gt;         
		&lt;ns1:getCustomerById xmlns:ns1="http://localhost/services/webservices/TEST00/testWebService/testService"&gt;
			&lt;ns1:custId&gt;1&lt;/ns1:custId&gt;
		&lt;/ns1:getCustomerById&gt;
	&lt;/soapenv:Body&gt; 
&lt;/soapenv:Envelope&gt;</query>
            <wsPath>/services/webservices/TEST00/testWebService/testService/testPort.ws</wsPath>
            <wsAction>getCustomerById</wsAction>
            <wsEncrypt>false</wsEncrypt>
            <wsContentType>text/xml;charset=UTF-8</wsContentType>
        </regressionQuery>
    </regressionQueries>
    <regressionSecurity>
        <regressionSecurityUsers>
            <regressionSecurityUser><id>rsu1</id><userName>user2</userName><encryptedPassword>Encrypted:B0873483C56F7498</encryptedPassword><domain>composite</domain></regressionSecurityUser>
            <regressionSecurityUser><id>rsu2</id><userName>user1</userName><encryptedPassword>Encrypted:B0873483C56F7498</encryptedPassword><domain>composite</domain></regressionSecurityUser>
        </regressionSecurityUsers>
        <regressionSecurityQueries>
            <regressionSecurityQuery><id>rsq1</id><datasource>TEST00</datasource><queryType>QUERY</queryType><query>SELECT count(1) cnt FROM CAT1.SCH1.customers</query><resourcePath>/services/databases/TEST00/CAT1/SCH1/customers</resourcePath><resourceType>TABLE</resourceType></regressionSecurityQuery>
            <regressionSecurityQuery><id>rsq2</id><datasource>TEST00</datasource><queryType>QUERY</queryType><query>SELECT count(1) cnt FROM CAT2.SCH2.customers</query><resourcePath>/services/databases/TEST00/CAT2/SCH2/customers</resourcePath><resourceType>TABLE</resourceType></regressionSecurityQuery>
            <regressionSecurityQuery><id>rsq3</id><datasource>TEST00</datasource><queryType>PROCEDURE</queryType><query>SELECT count(1) cnt FROM Common.Common.getCustomerById( 1 )</query><resourcePath>/services/databases/TEST00/Common/Common/getCustomerById</resourcePath><resourceType>PROCEDURE</resourceType></regressionSecurityQuery>
            <regressionSecurityQuery><id>rsq4</id><datasource>CustomerWS</datasource><queryType>WEB_SERVICE</queryType><query>&lt;soapenv:Envelope xmlns:soapenv="http://schemas.xmlsoap.org/soap/envelope/" xmlns:ns1="http://tempuri.org/"&gt;&lt;soapenv:Header/&gt;&lt;soapenv:Body&gt;&lt;ns1:customers&gt;&lt;ns1:customersInput&gt;&lt;/ns1:customersInput&gt;&lt;/ns1:customers&gt;&lt;/soapenv:Body&gt;&lt;/soapenv:Envelope&gt;</query><wsPath>/soap11/TEST00/CAT1/SCH1/CustomerWS</wsPath><wsAction>customers</wsAction><wsEncrypt>false</wsEncrypt><wsContentType>text/xml;charset=UTF-8</wsContentType><resourcePath>/services/webservices/TEST00/CAT1/SCH1/CustomerWS/customers</resourcePath><resourceType>TABLE</resourceType></regressionSecurityQuery>
            <regressionSecurityQuery><id>rsq5</id><datasource>CustomerWS</datasource><queryType>WEB_SERVICE</queryType><query>&lt;soapenv:Envelope xmlns:soapenv="http://schemas.xmlsoap.org/soap/envelope/" xmlns:ns1="http://tempuri.org/"&gt;&lt;soapenv:Header/&gt;&lt;soapenv:Body&gt;&lt;ns1:WrapperedGetcustomerbyid&gt;&lt;ns1:getCustomerByIdCustid&gt;1&lt;/ns1:getCustomerByIdCustid&gt;&lt;/ns1:WrapperedGetcustomerbyid&gt;&lt;/soapenv:Body&gt;&lt;/soapenv:Envelope&gt;</query><wsPath>/soap11/TEST00/CAT1/SCH1/CustomerWS</wsPath><wsAction>getCustomerById</wsAction><wsEncrypt>false</wsEncrypt><wsContentType>text/xml;charset=UTF-8</wsContentType><resourcePath>/services/webservices/TEST00/CAT1/SCH1/CustomerWS/getCustomerById</resourcePath><resourceType>PROCEDURE</resourceType></regressionSecurityQuery>
            <regressionSecurityQuery><id>rsq6</id><datasource>CustomerWS</datasource><queryType>WEB_SERVICE</queryType><query>&lt;soapenv:Envelope xmlns:soapenv="http://schemas.xmlsoap.org/soap/envelope/" xmlns:ns1="http://tempuri.org/"&gt;&lt;soapenv:Header/&gt;&lt;soapenv:Body&gt;&lt;ns1:customers&gt;&lt;ns1:customersInput&gt;&lt;/ns1:customersInput&gt;&lt;/ns1:customers&gt;&lt;/soapenv:Body&gt;&lt;/soapenv:Envelope&gt;</query><wsPath>/soap11/TEST00/CAT2/SCH2/CustomerWS</wsPath><wsAction>customers</wsAction><wsEncrypt>false</wsEncrypt><wsContentType>text/xml;charset=UTF-8</wsContentType><resourcePath>/services/webservices/TEST00/CAT2/SCH2/CustomerWS/customers</resourcePath><resourceType>TABLE</resourceType></regressionSecurityQuery>
            <regressionSecurityQuery><id>rsq7</id><datasource>CustomerWS</datasource><queryType>WEB_SERVICE</queryType><query>&lt;soapenv:Envelope xmlns:soapenv="http://schemas.xmlsoap.org/soap/envelope/" xmlns:ns1="http://tempuri.org/"&gt;&lt;soapenv:Header/&gt;&lt;soapenv:Body&gt;&lt;ns1:WrapperedGetcustomerbyid&gt;&lt;ns1:getCustomerByIdCustid&gt;1&lt;/ns1:getCustomerByIdCustid&gt;&lt;/ns1:WrapperedGetcustomerbyid&gt;&lt;/soapenv:Body&gt;&lt;/soapenv:Envelope&gt;</query><wsPath>/soap11/TEST00/CAT2/SCH2/CustomerWS</wsPath><wsAction>getCustomerById</wsAction><wsEncrypt>false</wsEncrypt><wsContentType>text/xml;charset=UTF-8</wsContentType><resourcePath>/services/webservices/TEST00/CAT2/SCH2/CustomerWS/getCustomerById</resourcePath><resourceType>PROCEDURE</resourceType></regressionSecurityQuery>
            <regressionSecurityQuery><id>rsq8</id><datasource>CustomerWS</datasource><queryType>WEB_SERVICE</queryType><query>&lt;soapenv:Envelope xmlns:soapenv="http://schemas.xmlsoap.org/soap/envelope/" xmlns:ns1="http://tempuri.org/"&gt;&lt;soapenv:Header/&gt;&lt;soapenv:Body&gt;&lt;ns1:customers&gt;&lt;ns1:customersInput&gt;&lt;/ns1:customersInput&gt;&lt;/ns1:customers&gt;&lt;/soapenv:Body&gt;&lt;/soapenv:Envelope&gt;</query><wsPath>/soap11/TEST00/Common/Common/CustomerWS</wsPath><wsAction>customers</wsAction><wsEncrypt>false</wsEncrypt><wsContentType>text/xml;charset=UTF-8</wsContentType><resourcePath>/services/webservices/TEST00/Common/Common/CustomerWS/customers</resourcePath><resourceType>TABLE</resourceType></regressionSecurityQuery>
            <regressionSecurityQuery><id>rsq9</id><datasource>CustomerWS</datasource><queryType>WEB_SERVICE</queryType><query>&lt;soapenv:Envelope xmlns:soapenv="http://schemas.xmlsoap.org/soap/envelope/" xmlns:ns1="http://tempuri.org/"&gt;&lt;soapenv:Header/&gt;&lt;soapenv:Body&gt;&lt;ns1:WrapperedGetcustomerbyid&gt;&lt;ns1:getCustomerByIdCustid&gt;1&lt;/ns1:getCustomerByIdCustid&gt;&lt;/ns1:WrapperedGetcustomerbyid&gt;&lt;/soapenv:Body&gt;&lt;/soapenv:Envelope&gt;</query><wsPath>/soap11/TEST00/Common/Common/CustomerWS</wsPath><wsAction>getCustomerById</wsAction><wsEncrypt>false</wsEncrypt><wsContentType>text/xml;charset=UTF-8</wsContentType><resourcePath>/services/webservices/TEST00/Common/Common/CustomerWS/getCustomerById</resourcePath><resourceType>PROCEDURE</resourceType></regressionSecurityQuery>
        </regressionSecurityQueries>
        <regressionSecurityPlans>
            <regressionSecurityPlan>
                <id>sp1</id>
                <regressionSecurityPlanTest><id>rst1</id><enabled>true</enabled><userId>rsu1</userId><queryId>rsq1</queryId><expectedOutcome>FAIL</expectedOutcome><description>user2 :: /services/databases/TEST00/CAT1/SCH1/customers</description></regressionSecurityPlanTest>
                <regressionSecurityPlanTest><id>rst2</id><enabled>true</enabled><userId>rsu1</userId><queryId>rsq2</queryId><expectedOutcome>PASS</expectedOutcome><description>user2 :: /services/databases/TEST00/CAT2/SCH2/customers</description></regressionSecurityPlanTest>
                <regressionSecurityPlanTest><id>rst3</id><enabled>true</enabled><userId>rsu1</userId><queryId>rsq3</queryId><expectedOutcome>PASS</expectedOutcome><description>user2 :: /services/databases/TEST00/Common/Common/getCustomerById</description></regressionSecurityPlanTest>
                <regressionSecurityPlanTest><id>rst4</id><enabled>true</enabled><userId>rsu1</userId><queryId>rsq4</queryId><expectedOutcome>FAIL</expectedOutcome><description>user2 :: /services/webservices/TEST00/CAT1/SCH1/CustomerWS/customers</description></regressionSecurityPlanTest>
                <regressionSecurityPlanTest><id>rst5</id><enabled>true</enabled><userId>rsu1</userId><queryId>rsq5</queryId><expectedOutcome>FAIL</expectedOutcome><description>user2 :: /services/webservices/TEST00/CAT1/SCH1/CustomerWS/getCustomerById</description></regressionSecurityPlanTest>
                <regressionSecurityPlanTest><id>rst6</id><enabled>true</enabled><userId>rsu1</userId><queryId>rsq6</queryId><expectedOutcome>PASS</expectedOutcome><description>user2 :: /services/webservices/TEST00/CAT2/SCH2/CustomerWS/customers</description></regressionSecurityPlanTest>
                <regressionSecurityPlanTest><id>rst7</id><enabled>true</enabled><userId>rsu1</userId><queryId>rsq7</queryId><expectedOutcome>PASS</expectedOutcome><description>user2 :: /services/webservices/TEST00/CAT2/SCH2/CustomerWS/getCustomerById</description></regressionSecurityPlanTest>
                <regressionSecurityPlanTest><id>rst8</id><enabled>true</enabled><userId>rsu1</userId><queryId>rsq8</queryId><expectedOutcome>PASS</expectedOutcome><description>user2 :: /services/webservices/TEST00/Common/Common/CustomerWS/customers</description></regressionSecurityPlanTest>
                <regressionSecurityPlanTest><id>rst9</id><enabled>true</enabled><userId>rsu1</userId><queryId>rsq9</queryId><expectedOutcome>PASS</expectedOutcome><description>user2 :: /services/webservices/TEST00/Common/Common/CustomerWS/getCustomerById</description></regressionSecurityPlanTest>
            </regressionSecurityPlan>
            <regressionSecurityPlan>
                <id>sp2</id>
                <regressionSecurityPlanTest><id>rst1</id><enabled>true</enabled><userId>rsu2</userId><queryId>rsq1</queryId><expectedOutcome>PASS</expectedOutcome><description>user1 :: /services/databases/TEST00/CAT1/SCH1/customers</description></regressionSecurityPlanTest>
                <regressionSecurityPlanTest><id>rst2</id><enabled>true</enabled><userId>rsu2</userId><queryId>rsq2</queryId><expectedOutcome>FAIL</expectedOutcome><description>user1 :: /services/databases/TEST00/CAT2/SCH2/customers</description></regressionSecurityPlanTest>
                <regressionSecurityPlanTest><id>rst3</id><enabled>true</enabled><userId>rsu2</userId><queryId>rsq3</queryId><expectedOutcome>PASS</expectedOutcome><description>user1 :: /services/databases/TEST00/Common/Common/getCustomerById</description></regressionSecurityPlanTest>
                <regressionSecurityPlanTest><id>rst4</id><enabled>true</enabled><userId>rsu2</userId><queryId>rsq4</queryId><expectedOutcome>PASS</expectedOutcome><description>user1 :: /services/webservices/TEST00/CAT1/SCH1/CustomerWS/customers</description></regressionSecurityPlanTest>
                <regressionSecurityPlanTest><id>rst5</id><enabled>true</enabled><userId>rsu2</userId><queryId>rsq5</queryId><expectedOutcome>PASS</expectedOutcome><description>user1 :: /services/webservices/TEST00/CAT1/SCH1/CustomerWS/getCustomerById</description></regressionSecurityPlanTest>
                <regressionSecurityPlanTest><id>rst6</id><enabled>true</enabled><userId>rsu2</userId><queryId>rsq6</queryId><expectedOutcome>FAIL</expectedOutcome><description>user1 :: /services/webservices/TEST00/CAT2/SCH2/CustomerWS/customers</description></regressionSecurityPlanTest>
                <regressionSecurityPlanTest><id>rst7</id><enabled>true</enabled><userId>rsu2</userId><queryId>rsq7</queryId><expectedOutcome>FAIL</expectedOutcome><description>user1 :: /services/webservices/TEST00/CAT2/SCH2/CustomerWS/getCustomerById</description></regressionSecurityPlanTest>
                <regressionSecurityPlanTest><id>rst8</id><enabled>true</enabled><userId>rsu2</userId><queryId>rsq8</queryId><expectedOutcome>PASS</expectedOutcome><description>user1 :: /services/webservices/TEST00/Common/Common/CustomerWS/customers</description></regressionSecurityPlanTest>
                <regressionSecurityPlanTest><id>rst9</id><enabled>true</enabled><userId>rsu2</userId><queryId>rsq9</queryId><expectedOutcome>PASS</expectedOutcome><description>user1 :: /services/webservices/TEST00/Common/Common/CustomerWS/getCustomerById</description></regressionSecurityPlanTest>
            </regressionSecurityPlan>
        </regressionSecurityPlans>
    </regressionSecurity>
</ns2:RegressionModule>
