<?xml version="1.0" encoding="UTF-8"?>
<!--
######################################################################
# (c) 2014 Cisco and/or its affiliates. All rights reserved.
# 
# This software is released under the Eclipse Public License. The details can be found in the file LICENSE. 
# Any dependent libraries supplied by third parties are provided under their own open source licenses as 
# described in their own LICENSE files, generally named .LICENSE.txt. The libraries supplied by Cisco as 
# part of the Composite Information Server/Cisco Data Virtualization Server, particularly csadmin-XXXX.jar, 
# csarchive-XXXX.jar, csbase-XXXX.jar, csclient-XXXX.jar, cscommon-XXXX.jar, csext-XXXX.jar, csjdbc-XXXX.jar, 
# csserverutil-XXXX.jar, csserver-XXXX.jar, cswebapi-XXXX.jar, and customproc-XXXX.jar (where -XXXX is an 
# optional version number) are provided as a convenience, but are covered under the licensing for the 
# Composite Information Server/Cisco Data Virtualization Server. They cannot be used in any way except 
# through a valid license for that product.
# 
# This software is released AS-IS!. Support for this software is not covered by standard maintenance agreements with Cisco. 
# Any support for this software by Cisco would be covered by paid consulting agreements, and would be billable work.
# 
######################################################################
-->
<project name="PDTool" default="default" basedir=".">

  <description>description</description>

  <!-- Default properties -->
  <property name="SERVERID" 				value="localhost9440"/>
  <property name="noarguments" 				value="&quot;&quot;"/>
		
  <!-- Default Path properties -->
  <property name="RESOURCE_HOME" 			value="${PROJECT_HOME}/resources"/>
  <property name="MODULE_HOME" 				value="${RESOURCE_HOME}/modules"/>
  <property name="pathToServersXML" 		value="${MODULE_HOME}/servers.xml"/>
  <property name="pathToArchiveXML" 		value="${MODULE_HOME}/ArchiveModule.xml"/>
  <property name="pathToDataSourcesXML" 	value="${MODULE_HOME}/DataSourceModule.xml"/>
  <property name="pathToGroupsXML" 			value="${MODULE_HOME}/GroupModule.xml"/>
  <property name="pathToPrivilegeXML" 		value="${MODULE_HOME}/PrivilegeModule.xml"/>
  <property name="pathToRebindXML" 			value="${MODULE_HOME}/RebindModule.xml"/>
  <property name="pathToRegressionXML" 		value="${MODULE_HOME}/RegressionModule.xml"/>
  <property name="pathToResourceXML" 		value="${MODULE_HOME}/ResourceModule.xml"/>
  <property name="pathToResourceCacheXML" 	value="${MODULE_HOME}/ResourceCacheModule.xml"/>
  <property name="pathToServerAttributeXML" value="${MODULE_HOME}/ServerAttributeModule.xml"/>
  <property name="pathToTriggerXML" 		value="${MODULE_HOME}/TriggerModule.xml"/>
  <property name="pathToUsersXML" 			value="${MODULE_HOME}/UserModule.xml"/>
  <property name="pathToVCSModuleXML" 		value="${MODULE_HOME}/VCSModule.xml"/>

  <!-- Custom properties -->
  <property name="serverAttributes" 			value="studio1,studio2"/>
  <property name="pathToGenServerAttributeXML" 	value="${MODULE_HOME}/generated/getServerAttributeModule.xml"/>
  <property name="pathToGenServerAttributeDefXML" value="${MODULE_HOME}/generated/getServerAttributeDefinitionModule.xml"/>

  <!-- Default Classpath [Do Not Change] -->
  <path id="project.class.path">
	<fileset dir="${PROJECT_HOME}/lib"><include name="**/*.jar"/></fileset>
	<fileset dir="${PROJECT_HOME}/lib/endorsed"><include name="**/*.jar"/></fileset>
	<fileset dir="${PROJECT_HOME}/dist"><include name="**/*.jar"/></fileset>
	<fileset dir="${PROJECT_HOME}/ext/ant/lib"><include name="**/*.jar"/></fileset>
  </path>
  <taskdef name="executeJavaAction" description="Execute Java Action" classname="com.cisco.dvbu.ps.deploytool.ant.CompositeAntTask" classpathref="project.class.path"/>

	<!-- ================================= 
          target: default              
         ================================= -->
	<target name="default" description="Update CIS with environment specific parameters">
     
	<!--
	# ========================================
	# ServerAttribute Module:
	# ========================================
		PASS	TRUE	ExecuteAction	generateServerAttributesXML   			$SERVERID "/" 			"$MODULE_HOME/generated/getServerAttributeModule.xml" 			"$MODULE_HOME/servers.xml" "READ_WRITE"
		PASS	TRUE	ExecuteAction	generateServerAttributeDefinitionsXML  	$SERVERID "/" 			"$MODULE_HOME/generated/getServerAttributeDefinitionModule.xml" 	"$MODULE_HOME/servers.xml" "*"
		PASS	FALSE	ExecuteAction   updateServerAttributes    				$SERVERID "studio3" 	"$MODULE_HOME/ServerAttributeModule.xml" 				"$MODULE_HOME/servers.xml" 
		PASS	TRUE	ExecuteAction   updateServerAttributes    				$SERVERID "server9" 	"$MODULE_HOME/ServerAttributeModule.xml" 				"$MODULE_HOME/servers.xml" 
		PASS	TRUE	ExecuteAction   updateServerAttributes    				$SERVERID "*" 			"$MODULE_HOME/ServerAttributeModule.xml" 				"$MODULE_HOME/servers.xml" 
		PASS	TRUE	ExecuteAction   updateServerAttributes    				$SERVERID "-server9"	"$MODULE_HOME/ServerAttributeModule.xml" 				"$MODULE_HOME/servers.xml" 
	-->
	    <executeJavaAction action="generateServerAttributesXML"  			arguments="${SERVERID}^/^${MODULE_HOME}/generated/getServerAttributeModule.xml^${pathToServersXML}^READ_WRITE" endExecutionOnTaskFailure="TRUE"/>
	    <executeJavaAction action="generateServerAttributeDefinitionsXML"  	arguments="${SERVERID}^/^${MODULE_HOME}/generated/getServerAttributeDefinitionModule.xml^${pathToServersXML}^*" endExecutionOnTaskFailure="TRUE"/>
	    <executeJavaAction action="updateServerAttributes"    				arguments="${SERVERID}^studio3^${pathToServerAttributeXML}^${pathToServersXML}" endExecutionOnTaskFailure="TRUE"/>
	    <executeJavaAction action="updateServerAttributes"    				arguments="${SERVERID}^server9^${pathToServerAttributeXML}^${pathToServersXML}" endExecutionOnTaskFailure="TRUE"/>
	    <executeJavaAction action="updateServerAttributes"    				arguments="${SERVERID}^*^${pathToServerAttributeXML}^${pathToServersXML}" endExecutionOnTaskFailure="TRUE"/>
	    <executeJavaAction action="updateServerAttributes"    				arguments="${SERVERID}^-server9^${pathToServerAttributeXML}^${pathToServersXML}" endExecutionOnTaskFailure="TRUE"/>

	</target>
</project>