{"total": "1",
"page": "1",
"rows": [
    {"id": "1", "cell": ["deployment configuration name 1", "/Users/cgoodric/dev/PDTool62/resources/config/deploy1.properties"]},
    {"id": "2", "cell": ["deployment configuration name 2", "/Users/cgoodric/dev/PDTool62/resources/config/deploy2.properties"]},
    {"id": "3", "cell": ["deployment configuration name 3", "/Users/cgoodric/dev/PDTool62/resources/config/deploy3.properties"]},
    {"id": "4", "cell": ["deployment configuration name 4", "/Users/cgoodric/dev/PDTool62/resources/config/deploy4.properties"]},
    {"id": "5", "cell": ["deployment configuration name 5", "/Users/cgoodric/dev/PDTool62/resources/config/deploy5.properties"]},
    {"id": "6", "cell": ["deployment configuration name 6", "/Users/cgoodric/dev/PDTool62/resources/config/deploy6.properties"]},
    {"id": "7", "cell": ["deployment configuration name 7", "/Users/cgoodric/dev/PDTool62/resources/config/deploy7.properties"]},
    {"id": "8", "cell": ["deployment configuration name 8", "/Users/cgoodric/dev/PDTool62/resources/config/deploy8.properties"]},
    {"id": "9", "cell": ["deployment configuration name 9", "/Users/cgoodric/dev/PDTool62/resources/config/deploy9.properties"]}
]}