{"total": "1",
"page": "1",
"rows": [
    {"id": "1", "cell": ["deployment profile name 1", "/Users/cgoodric/dev/PDTool62/resources/plans/dpname1.dp"]},
    {"id": "2", "cell": ["deployment profile name 2", "/Users/cgoodric/dev/PDTool62/resources/plans/dpname2.dp"]},
    {"id": "3", "cell": ["deployment profile name 3", "/Users/cgoodric/dev/PDTool62/resources/plans/dpname3.dp"]},
    {"id": "4", "cell": ["deployment profile name 4", "/Users/cgoodric/dev/PDTool62/resources/plans/dpname4.dp"]},
    {"id": "5", "cell": ["deployment profile name 5", "/Users/cgoodric/dev/PDTool62/resources/plans/dpname5.dp"]},
    {"id": "6", "cell": ["deployment profile name 6", "/Users/cgoodric/dev/PDTool62/resources/plans/dpname6.dp"]},
    {"id": "7", "cell": ["deployment profile name 7", "/Users/cgoodric/dev/PDTool62/resources/plans/dpname7.dp"]},
    {"id": "8", "cell": ["deployment profile name 8", "/Users/cgoodric/dev/PDTool62/resources/plans/dpname8.dp"]},
    {"id": "9", "cell": ["deployment profile name 9", "/Users/cgoodric/dev/PDTool62/resources/plans/dpname9.dp"]}
]}