<?xml version="1.0"?>
<rows>
  <page>1</page>
  <total>5</total>
  <row id="1">
    <cell>1</cell>
    <cell>name 1</cell>
    <cell>print name 1</cell>
    <cell>12345</cell>
  </row>
  <row id="2">
    <cell>2</cell>
    <cell>name 2</cell>
    <cell>print name 2</cell>
    <cell>23456</cell>
  </row>
  <row id="3">
    <cell>3</cell>
    <cell>name 3</cell>
    <cell>print name 3</cell>
    <cell>34567</cell>
  </row>
  <row id="4">
    <cell>4</cell>
    <cell>name 4</cell>
    <cell>print name 4</cell>
    <cell>45678</cell>
  </row>
  <row id="5">
    <cell>5</cell>
    <cell>name 5</cell>
    <cell>print name 5</cell>
    <cell>56789</cell>
  </row>
</rows>