{"total": "1",
"page": "1",
"rows": [
    {"id": "1", "cell": ["1", "name 1", "print name 1", "iso1", "12345"]},
    {"id": "2", "cell": ["2", "name 2", "print name 2", "iso2", "23456"]},
    {"id": "3", "cell": ["3", "name 3", "print name 3", "iso3", "34567"]},
    {"id": "4", "cell": ["4", "name 4", "print name 4", "iso4", "45678"]},
    {"id": "5", "cell": ["5", "name 5", "print name 5", "iso5", "56789"]},
    {"id": "6", "cell": ["6", "name 6", "print name 6", "iso6", "67890"]},
    {"id": "7", "cell": ["7", "name 7", "print name 7", "iso7", "78901"]},
    {"id": "8", "cell": ["8", "name 8", "print name 8", "iso8", "89012"]},
    {"id": "9", "cell": ["9", "name 9", "print name 9", "iso9", "90123"]}
]}