<?xml version="1.0" encoding="UTF-8" standalone="yes"?>
<!--
######################################################################
# (c) 2014 Cisco and/or its affiliates. All rights reserved.
# 
# This software is released under the Eclipse Public License. The details can be found in the file LICENSE. 
# Any dependent libraries supplied by third parties are provided under their own open source licenses as 
# described in their own LICENSE files, generally named .LICENSE.txt. The libraries supplied by Cisco as 
# part of the Composite Information Server/Cisco Data Virtualization Server, particularly csadmin-XXXX.jar, 
# csarchive-XXXX.jar, csbase-XXXX.jar, csclient-XXXX.jar, cscommon-XXXX.jar, csext-XXXX.jar, csjdbc-XXXX.jar, 
# csserverutil-XXXX.jar, csserver-XXXX.jar, cswebapi-XXXX.jar, and customproc-XXXX.jar (where -XXXX is an 
# optional version number) are provided as a convenience, but are covered under the licensing for the 
# Composite Information Server/Cisco Data Virtualization Server. They cannot be used in any way except 
# through a valid license for that product.
# 
# This software is released AS-IS!. Support for this software is not covered by standard maintenance agreements with Cisco. 
# Any support for this software by Cisco would be covered by paid consulting agreements, and would be billable work.
# 
######################################################################
-->
<ns2:PrivilegeModule xmlns:ns2="http://www.dvbu.cisco.com/ps/deploytool/modules">
    <resourcePrivilege>
        <id>priv1</id>
        <resourcePath>/services/webservices/TEST01/testWebService</resourcePath>
        <resourceType>DATA_SOURCE</resourceType>
        <recurse>true</recurse>
        <privilege>
            <name>group1</name>
            <nameType>GROUP</nameType>
            <domain>composite</domain>
            <privileges>NONE</privileges>
            <combinedPrivileges>NONE</combinedPrivileges>
            <inheritedPrivileges>NONE</inheritedPrivileges>
        </privilege>
        <privilege>
            <name>group2</name>
            <nameType>GROUP</nameType>
            <domain>composite</domain>
            <privileges>NONE</privileges>
            <combinedPrivileges>NONE</combinedPrivileges>
            <inheritedPrivileges>NONE</inheritedPrivileges>
        </privilege>
        <privilege>
            <name>group3</name>
            <nameType>GROUP</nameType>
            <domain>composite</domain>
            <privileges>NONE</privileges>
            <combinedPrivileges>NONE</combinedPrivileges>
            <inheritedPrivileges>NONE</inheritedPrivileges>
        </privilege>
    </resourcePrivilege>
</ns2:PrivilegeModule>
