<?xml version="1.0" encoding="UTF-8"?>
<!--
######################################################################
# (c) 2017 TIBCO Software Inc. All rights reserved.
# 
# Except as specified below, this software is licensed pursuant to the Eclipse Public License v. 1.0.
# The details can be found in the file LICENSE.
# 
# The following proprietary files are included as a convenience, and may not be used except pursuant
# to valid license to Composite Information Server or TIBCO® Data Virtualization Server:
# csadmin-XXXX.jar, csarchive-XXXX.jar, csbase-XXXX.jar, csclient-XXXX.jar, cscommon-XXXX.jar,
# csext-XXXX.jar, csjdbc-XXXX.jar, csserverutil-XXXX.jar, csserver-XXXX.jar, cswebapi-XXXX.jar,
# and customproc-XXXX.jar (where -XXXX is an optional version number).  Any included third party files
# are licensed under the terms contained in their own accompanying LICENSE files, generally named .LICENSE.txt.
# 
# This software is licensed AS-IS. Support for this software is not covered by standard maintenance agreements with TIBCO.
# If you would like to obtain assistance with this software, such assistance may be obtained through a separate paid consulting
# agreement with TIBCO.
#
######################################################################
-->
<servers>
  <!-- This shows an example of how variables can be used when allowVariables=true.  
       However, the default is false to maintain backward compatibility. -->
  <server>
    <id>localhost</id>
    <hostname>localhost</hostname>
    <port>9400</port>
    <usage>DEV-Default</usage>
    <user>$CIS_USER</user>
    <encryptedpassword>$CIS_PASSWORD</encryptedpassword>
    <domain>$CIS_DOMAIN</domain>
    <cishome>C:/CompositeSoftware/CIS7.0.0</cishome>
    <clustername>cluster2</clustername>
    <site>US East</site>
    <useHttps>false</useHttps>
	<allowVariables>true</allowVariables>
  </server>
    
  <server>
    <id>localhost9400http</id>
    <hostname>localhost</hostname>
    <port>9400</port>
    <usage>DEV7.0</usage>
    <user>admin</user>
    <encryptedpassword>Encrypted:7F6324FFD300BE8F</encryptedpassword>
    <domain>composite</domain>
    <cishome>C:\CompositeSoftware\CIS7.0.0</cishome>
    <clustername>cluster2</clustername>
    <site>US East</site>
    <useHttps>false</useHttps>
	<allowVariables>false</allowVariables>
  </server>
  <server>
    <id>localhost9400https</id>
    <hostname>localhost</hostname>
    <port>9400</port>
    <usage>DEV7.0</usage>
    <user>admin</user>
    <encryptedpassword>Encrypted:7F6324FFD300BE8F</encryptedpassword>
    <domain>composite</domain>
    <cishome>C:\CompositeSoftware\CIS7.0.0</cishome>
    <clustername>cluster2</clustername>
    <site>US East</site>
    <useHttps>true</useHttps>
	<allowVariables>false</allowVariables>
  </server>
  
  <server>
    <id>localhost9410http</id>
    <hostname>localhost</hostname>
    <port>9410</port>
    <usage>DEV6.1</usage>
    <user>admin</user>
    <encryptedpassword>Encrypted:7F6324FFD300BE8F</encryptedpassword>
    <domain>composite</domain>
    <cishome>C:\CompositeSoftware\CIS6.1.0</cishome>
    <clustername>cluster2</clustername>
    <site>US East</site>
    <useHttps>false</useHttps>
	<allowVariables>false</allowVariables>
  </server>
  <server>
    <id>localhost9410https</id>
    <hostname>localhost</hostname>
    <port>9410</port>
    <usage>DEV6.1</usage>
    <user>admin</user>
    <encryptedpassword>Encrypted:7F6324FFD300BE8F</encryptedpassword>
    <domain>composite</domain>
    <cishome>C:\CompositeSoftware\CIS6.1.0</cishome>
    <clustername>cluster2</clustername>
    <site>US East</site>
    <useHttps>true</useHttps>
	<allowVariables>false</allowVariables>
  </server>
  
  <server>
    <id>localhost9420http</id>
    <hostname>localhost</hostname>
    <port>9420</port>
    <usage>DEV7.0.3</usage>
    <user>admin</user>
    <encryptedpassword>Encrypted:7F6324FFD300BE8F</encryptedpassword>
    <domain>composite</domain>
    <cishome>C:\CompositeSoftware\CIS7.0.3</cishome>
    <clustername>cluster2</clustername>
    <site>US East</site>
    <useHttps>false</useHttps>
	<allowVariables>false</allowVariables>
  </server>
  <server>
    <id>localhost9420https</id>
    <hostname>localhost</hostname>
    <port>9420</port>
    <usage>DEV7.0.3</usage>
    <user>admin</user>
    <encryptedpassword>Encrypted:7F6324FFD300BE8F</encryptedpassword>
    <domain>composite</domain>
    <cishome>C:\CompositeSoftware\CIS7.0.3</cishome>
    <clustername>cluster2</clustername>
    <site>US East</site>
    <useHttps>true</useHttps>
	<allowVariables>false</allowVariables>
  </server>

  <server>
    <id>localhost9430http</id>
    <hostname>localhost</hostname>
    <port>9430</port>
    <usage>DEV7.0</usage>
    <user>$CIS_USER</user>
    <encryptedpassword>$CIS_PASSWORD</encryptedpassword>
    <domain>$CIS_DOMAIN</domain>
    <cishome>C:\CompositeSoftware\CIS7.0.0</cishome>
    <clustername>cluster2</clustername>
    <site>US East</site>
    <useHttps>false</useHttps>
	<allowVariables>true</allowVariables>
  </server>
  
  <server>
    <id>localhost9430https</id>
    <hostname>localhost</hostname>
    <port>9430</port>
    <usage>DEV7.0</usage>
    <user>admin</user>
    <encryptedpassword>Encrypted:7F6324FFD300BE8F</encryptedpassword>
    <domain>composite</domain>
    <cishome>C:\CompositeSoftware\CIS7.0.0</cishome>
    <clustername>cluster2</clustername>
    <site>US East</site>
    <useHttps>true</useHttps>
	<allowVariables>false</allowVariables>
  </server>

  <server>
    <id>localhost9440http</id>
    <hostname>localhost</hostname>
    <port>9440</port>
    <usage>DEV7.0</usage>
    <user>admin</user>
    <encryptedpassword>Encrypted:7F6324FFD300BE8F</encryptedpassword>
    <domain>composite</domain>
    <cishome>C:\CompositeSoftware\CIS7.0.0</cishome>
    <clustername>cluster2</clustername>
    <site>US East</site>
    <useHttps>false</useHttps>
	<allowVariables>false</allowVariables>
  </server>  
  <server>
    <id>localhost9440https</id>
    <hostname>localhost</hostname>
    <port>9440</port>
    <usage>DEV7.0</usage>
    <user>admin</user>
    <encryptedpassword>Encrypted:7F6324FFD300BE8F</encryptedpassword>
    <domain>composite</domain>
    <cishome>C:\CompositeSoftware\CIS7.0.0</cishome>
    <clustername>cluster2</clustername>
    <site>US East</site>
    <useHttps>true</useHttps>
	<allowVariables>false</allowVariables>
  </server>  

  <server>
    <id>localhost9450http</id>
    <hostname>localhost</hostname>
    <port>9450</port>
    <usage>DEV7.0</usage>
    <user>admin</user>
    <encryptedpassword>Encrypted:7F6324FFD300BE8F</encryptedpassword>
    <domain>composite</domain>
    <cishome>C:\CompositeSoftware\CIS7.0.0</cishome>
    <clustername>cluster2</clustername>
    <site>US East</site>
    <useHttps>false</useHttps>
	<allowVariables>false</allowVariables>
  </server>  
  <server>
    <id>localhost9450https</id>
    <hostname>localhost</hostname>
    <port>9450</port>
    <usage>DEV7.0</usage>
    <user>admin</user>
    <encryptedpassword>Encrypted:7F6324FFD300BE8F</encryptedpassword>
    <domain>composite</domain>
    <cishome>C:\CompositeSoftware\CIS7.0.0</cishome>
    <clustername>cluster2</clustername>
    <site>US East</site>
    <useHttps>true</useHttps>
	<allowVariables>false</allowVariables>
  </server>  
    
  <server>
    <id>qaserver9400http</id>
    <hostname>ps-mt1</hostname>
    <port>9400</port>
    <usage>DEV</usage>
    <user>admin</user>
    <encryptedpassword>Encrypted:7F6324FFD300BE8F</encryptedpassword>
    <domain>composite</domain>
    <cishome>/opt/Composite_Software/CIS_5.1.0</cishome>
    <clustername>cluster1</clustername>
    <site>site1</site>
    <useHttps>false</useHttps>
	<allowVariables>false</allowVariables>
  </server>
  <server>
    <id>qaserver9400https</id>
    <hostname>ps-mt1</hostname>
    <port>9400</port>
    <usage>DEV</usage>
    <user>admin</user>
    <encryptedpassword>Encrypted:7F6324FFD300BE8F</encryptedpassword>
    <domain>composite</domain>
    <cishome>/opt/Composite_Software/CIS_5.1.0</cishome>
    <clustername>cluster1</clustername>
    <site>site1</site>
    <useHttps>true</useHttps>
	<allowVariables>false</allowVariables>
  </server>

  <server>
    <id>qaserver9410http</id>
    <hostname>ps-mt1</hostname>
    <port>9410</port>
    <usage>DEPLOY</usage>
    <user>admin</user>
    <encryptedpassword>Encrypted:7F6324FFD300BE8F</encryptedpassword>
    <domain>composite</domain>
    <cishome>/opt/Composite_Software/CIS_5.2.0</cishome>
    <clustername />
    <site />
    <useHttps>false</useHttps>
	<allowVariables>false</allowVariables>
  </server>
  <server>
    <id>qaserver9410https</id>
    <hostname>ps-mt1</hostname>
    <port>9410</port>
    <usage>DEPLOY</usage>
    <user>admin</user>
    <encryptedpassword>Encrypted:7F6324FFD300BE8F</encryptedpassword>
    <domain>composite</domain>
    <cishome>/opt/Composite_Software/CIS_5.2.0</cishome>
    <clustername />
    <site />
    <useHttps>true</useHttps>
	<allowVariables>false</allowVariables>
  </server>
  
  <server>
    <id>qaserver9420http</id>
    <hostname>ps-mt1</hostname>
    <port>9420</port>
    <usage>DEPLOY</usage>
    <user>admin</user>
    <encryptedpassword>Encrypted:7F6324FFD300BE8F</encryptedpassword>
    <domain>composite</domain>
    <cishome>/opt/Composite_Software/CIS_6.0.0</cishome>
    <clustername />
    <site />
    <useHttps>false</useHttps>
	<allowVariables>false</allowVariables>
   </server>
   <server>
    <id>qaserver9420https</id>
    <hostname>ps-mt1</hostname>
    <port>9420</port>
    <usage>DEPLOY</usage>
    <user>admin</user>
    <encryptedpassword>Encrypted:7F6324FFD300BE8F</encryptedpassword>
    <domain>composite</domain>
    <cishome>/opt/Composite_Software/CIS_6.0.0</cishome>
    <clustername />
    <site />
    <useHttps>true</useHttps>
	<allowVariables>false</allowVariables>
  </server>
 
  <server>
    <id>qaserver9430http</id>
    <hostname>ps-mt1</hostname>
    <port>9430</port>
    <usage>DEPLOY</usage>
    <user>admin</user>
    <encryptedpassword>Encrypted:7F6324FFD300BE8F</encryptedpassword>
    <domain>composite</domain>
    <cishome>/opt/Composite_Software/CIS_6.1.0</cishome>
    <clustername />
    <site />
    <useHttps>false</useHttps>
	<allowVariables>false</allowVariables>
  </server>  
   <server>
    <id>qaserver9430https</id>
    <hostname>ps-mt1</hostname>
    <port>9430</port>
    <usage>DEPLOY</usage>
    <user>admin</user>
    <encryptedpassword>Encrypted:7F6324FFD300BE8F</encryptedpassword>
    <domain>composite</domain>
    <cishome>/opt/Composite_Software/CIS_6.1.0</cishome>
    <clustername />
    <site />
    <useHttps>true</useHttps>
	<allowVariables>false</allowVariables>
  </server>  
 
  <server>
    <id>qaserver9440http</id>
    <hostname>ps-mt1</hostname>
    <port>9440</port>
    <usage>DEPLOY</usage>
    <user>admin</user>
    <encryptedpassword>Encrypted:7F6324FFD300BE8F</encryptedpassword>
    <domain>composite</domain>
    <cishome>/opt/Composite_Software/CIS_7.0.0</cishome>
    <clustername />
    <site />
    <useHttps>false</useHttps>
	<allowVariables>false</allowVariables>
  </server>  
  <server>
    <id>qaserver9440https</id>
    <hostname>ps-mt1</hostname>
    <port>9440</port>
    <usage>DEPLOY</usage>
    <user>admin</user>
    <encryptedpassword>Encrypted:7F6324FFD300BE8F</encryptedpassword>
    <domain>composite</domain>
    <cishome>/opt/Composite_Software/CIS_7.0.0</cishome>
    <clustername />
    <site />
    <useHttps>true</useHttps>
	<allowVariables>false</allowVariables>
  </server>  
</servers>

