<?xml version="1.0" encoding="UTF-8" standalone="yes"?>
<ns2:PrivilegeModule xmlns:ns2="http://www.cisco.dvbu.com/ps/deploytool/modules">
    <resourcePrivilege>
        <id>priv1</id>
        <resourcePath>/services/webservices/TEST01/testWebService</resourcePath>
        <resourceType>DATA_SOURCE</resourceType>
        <recurse>true</recurse>
        <privilege>
            <name>group1</name>
            <nameType>GROUP</nameType>
            <domain>composite</domain>
            <privileges>NONE</privileges>
            <combinedPrivileges>NONE</combinedPrivileges>
            <inheritedPrivileges>NONE</inheritedPrivileges>
        </privilege>
        <privilege>
            <name>group2</name>
            <nameType>GROUP</nameType>
            <domain>composite</domain>
            <privileges>NONE</privileges>
            <combinedPrivileges>NONE</combinedPrivileges>
            <inheritedPrivileges>NONE</inheritedPrivileges>
        </privilege>
        <privilege>
            <name>group3</name>
            <nameType>GROUP</nameType>
            <domain>composite</domain>
            <privileges>NONE</privileges>
            <combinedPrivileges>NONE</combinedPrivileges>
            <inheritedPrivileges>NONE</inheritedPrivileges>
        </privilege>
    </resourcePrivilege>
</ns2:PrivilegeModule>
