<?xml version="1.0" encoding="UTF-8"?>
<!--
######################################################################
# (c) 2017 TIBCO Software Inc. All rights reserved.
# 
# Except as specified below, this software is licensed pursuant to the Eclipse Public License v. 1.0.
# The details can be found in the file LICENSE.
# 
# The following proprietary files are included as a convenience, and may not be used except pursuant
# to valid license to Composite Information Server or TIBCO� Data Virtualization Server:
# csadmin-XXXX.jar, csarchive-XXXX.jar, csbase-XXXX.jar, csclient-XXXX.jar, cscommon-XXXX.jar,
# csext-XXXX.jar, csjdbc-XXXX.jar, csserverutil-XXXX.jar, csserver-XXXX.jar, cswebapi-XXXX.jar,
# and customproc-XXXX.jar (where -XXXX is an optional version number).  Any included third party files
# are licensed under the terms contained in their own accompanying LICENSE files, generally named .LICENSE.txt.
# 
# This software is licensed AS-IS. Support for this software is not covered by standard maintenance agreements with TIBCO.
# If you would like to obtain assistance with this software, such assistance may be obtained through a separate paid consulting
# agreement with TIBCO.
#
######################################################################
-->
<servers>
  <server>
    <id>lab9400http</id>
    <hostname>localhost</hostname>
    <port>9400</port>
    <usage>DEV-Default</usage>
    <user>admin</user>
    <encryptedpassword>Encrypted:7F6324FFD300BE8F</encryptedpassword>
    <domain>composite</domain>
    <cishome>C:/CompositeSoftware/CIS6.2.0</cishome>
    <clustername>cluster2</clustername>
    <site>US East</site>
    <useHttps>false</useHttps>
  </server>
  <server>
    <id>lab9400https</id>
    <hostname>localhost</hostname>
    <port>9400</port>
    <usage>DEV-Default</usage>
    <user>admin</user>
    <encryptedpassword>Encrypted:7F6324FFD300BE8F</encryptedpassword>
    <domain>composite</domain>
    <cishome>C:/CompositeSoftware/CIS6.2.0</cishome>
    <clustername>cluster2</clustername>
    <site>US East</site>
    <useHttps>true</useHttps>
  </server>
  
  <server>
    <id>lab9410http</id>
    <hostname>localhost</hostname>
    <port>9410</port>
    <usage>DEV-Default</usage>
    <user>admin</user>
    <encryptedpassword>Encrypted:7F6324FFD300BE8F</encryptedpassword>
    <domain>composite</domain>
    <cishome>C:/CompositeSoftware/CIS6.2.0</cishome>
    <clustername>cluster2</clustername>
    <site>US East</site>
    <useHttps>false</useHttps>
  </server>
  <server>
    <id>lab9410https</id>
    <hostname>localhost</hostname>
    <port>9410</port>
    <usage>DEV-Default</usage>
    <user>admin</user>
    <encryptedpassword>Encrypted:7F6324FFD300BE8F</encryptedpassword>
    <domain>composite</domain>
    <cishome>C:/CompositeSoftware/CIS6.2.0</cishome>
    <clustername>cluster2</clustername>
    <site>US East</site>
    <useHttps>true</useHttps>
  </server>
  
  <server>
    <id>lab9420http</id>
    <hostname>localhost</hostname>
    <port>9420</port>
    <usage>DEV-Default</usage>
    <user>admin</user>
    <encryptedpassword>Encrypted:7F6324FFD300BE8F</encryptedpassword>
    <domain>composite</domain>
    <cishome>C:/CompositeSoftware/CIS6.2.0</cishome>
    <clustername>cluster2</clustername>
    <site>US East</site>
    <useHttps>false</useHttps>
  </server>
  <server>
    <id>lab9420https</id>
    <hostname>localhost</hostname>
    <port>9420</port>
    <usage>DEV-Default</usage>
    <user>admin</user>
    <encryptedpassword>Encrypted:7F6324FFD300BE8F</encryptedpassword>
    <domain>composite</domain>
    <cishome>C:/CompositeSoftware/CIS6.2.0</cishome>
    <clustername>cluster2</clustername>
    <site>US East</site>
    <useHttps>true</useHttps>
  </server>
  
  <server>
   <id>lab9430http</id>
    <hostname>localhost</hostname>
    <port>9430</port>
    <usage>DEV-Default</usage>
    <user>admin</user>
    <encryptedpassword>Encrypted:7F6324FFD300BE8F</encryptedpassword>
    <domain>composite</domain>
    <cishome>C:/CompositeSoftware/CIS6.2.0</cishome>
    <clustername>cluster2</clustername>
    <site>US East</site>
    <useHttps>false</useHttps>
  </server>
  <server>
    <id>lab9430https</id>
    <hostname>localhost</hostname>
    <port>9430</port>
    <usage>DEV-Default</usage>
    <user>admin</user>
    <encryptedpassword>Encrypted:7F6324FFD300BE8F</encryptedpassword>
    <domain>composite</domain>
    <cishome>C:/CompositeSoftware/CIS6.2.0</cishome>
    <clustername>cluster2</clustername>
    <site>US East</site>
    <useHttps>true</useHttps>
  </server>
  
  <server>
   <id>lab9440http</id>
    <hostname>localhost</hostname>
    <port>9440</port>
    <usage>DEV-Default</usage>
    <user>admin</user>
    <encryptedpassword>Encrypted:7F6324FFD300BE8F</encryptedpassword>
    <domain>composite</domain>
    <cishome>C:/CompositeSoftware/CIS6.2.0</cishome>
    <clustername>cluster2</clustername>
    <site>US East</site>
    <useHttps>false</useHttps>
  </server>
  <server>
    <id>lab9440https</id>
    <hostname>localhost</hostname>
    <port>9440</port>
    <usage>DEV-Default</usage>
    <user>admin</user>
    <encryptedpassword>Encrypted:7F6324FFD300BE8F</encryptedpassword>
    <domain>composite</domain>
    <cishome>C:/CompositeSoftware/CIS6.2.0</cishome>
    <clustername>cluster2</clustername>
    <site>US East</site>
    <useHttps>true</useHttps>
  </server>
  
  <server>
   <id>lab9500http</id>
    <hostname>localhost</hostname>
    <port>9500</port>
    <usage>DEV-Default</usage>
    <user>admin</user>
    <encryptedpassword>Encrypted:7F6324FFD300BE8F</encryptedpassword>
    <domain>composite</domain>
    <cishome>C:/CompositeSoftware/CIS6.2.0</cishome>
    <clustername>cluster2</clustername>
    <site>US East</site>
    <useHttps>false</useHttps>
  </server>
  <server>
    <id>lab9500https</id>
    <hostname>localhost</hostname>
    <port>9500</port>
    <usage>DEV-Default</usage>
    <user>admin</user>
    <encryptedpassword>Encrypted:7F6324FFD300BE8F</encryptedpassword>
    <domain>composite</domain>
    <cishome>C:/CompositeSoftware/CIS6.2.0</cishome>
    <clustername>cluster2</clustername>
    <site>US East</site>
    <useHttps>true</useHttps>
  </server>
  
</servers>

