<?xml version="1.0" encoding="UTF-8" standalone="yes"?>
<ns2:GroupModule xmlns:ns2="http://www.tibco.com/ps/deploytool/modules">
    <group>
        <id>admin-0</id>
        <groupName>admin</groupName>
        <groupDomain>composite</groupDomain>
        <privilege>ACCESS_TOOLS DM MODIFY_ALL_CONFIG MODIFY_ALL_RESOURCES MODIFY_ALL_STATUS MODIFY_ALL_USERS READ_ALL_CONFIG READ_ALL_RESOURCES READ_ALL_STATUS READ_ALL_USERS UNLOCK_RESOURCE</privilege>
    </group>
    <group>
        <id>all-1</id>
        <groupName>all</groupName>
        <groupDomain>composite</groupDomain>
        <privilege>NONE</privilege>
    </group>
    <group>
        <id>group1-2</id>
        <groupName>group1</groupName>
        <groupDomain>composite</groupDomain>
        <privilege>NONE</privilege>
    </group>
    <group>
        <id>group2-3</id>
        <groupName>group2</groupName>
        <groupDomain>composite</groupDomain>
        <privilege>NONE</privilege>
    </group>
    <group>
        <id>group3-4</id>
        <groupName>group3</groupName>
        <groupDomain>composite</groupDomain>
        <privilege>NONE</privilege>
    </group>
</ns2:GroupModule>
