<?xml version="1.0" encoding="UTF-8"?>
<!--
######################################################################
# (c) 2014 Cisco and/or its affiliates. All rights reserved.
# 
# This software is released under the Eclipse Public License. The details can be found in the file LICENSE. 
# Any dependent libraries supplied by third parties are provided under their own open source licenses as 
# described in their own LICENSE files, generally named .LICENSE.txt. The libraries supplied by Cisco as 
# part of the Composite Information Server/Cisco Data Virtualization Server, particularly csadmin-XXXX.jar, 
# csarchive-XXXX.jar, csbase-XXXX.jar, csclient-XXXX.jar, cscommon-XXXX.jar, csext-XXXX.jar, csjdbc-XXXX.jar, 
# csserverutil-XXXX.jar, csserver-XXXX.jar, cswebapi-XXXX.jar, and customproc-XXXX.jar (where -XXXX is an 
# optional version number) are provided as a convenience, but are covered under the licensing for the 
# Composite Information Server/Cisco Data Virtualization Server. They cannot be used in any way except 
# through a valid license for that product.
# 
# This software is released AS-IS!. Support for this software is not covered by standard maintenance agreements with Cisco. 
# Any support for this software by Cisco would be covered by paid consulting agreements, and would be billable work.
# 
######################################################################
-->
<p1:ArchiveModule  xmlns:p1="http://www.dvbu.cisco.com/ps/deploytool/modules">
	<archive>
		<id>FullBackup</id>
		<archiveMethod>CAR</archiveMethod>
		<archiveFileName>$PROJECT_HOME_PHYSICAL/resources/modules/test/local_server_backup.car</archiveFileName>
		<overwrite>true</overwrite> 
		<encrypt>false</encrypt>
		<pkgName>Test backup-export operation</pkgName>
		<setAttributes>
			<resourceAttribute>
				<resourcePath>/shared/test00/DataSources/testWebService</resourcePath>
				<resourceType>DATA_SOURCE</resourceType>
				<attribute>host</attribute>
				<value>http://localhost:$CIS_WSPORT/services/TEST00/testWebService?wsdl</value>
			</resourceAttribute>
			<resourceAttribute>
				<resourcePath>/shared/test00/DataSources/testWebService</resourcePath>
				<resourceType>DATA_SOURCE</resourceType>
				<attribute>user</attribute>
				<value>admin</value>
			</resourceAttribute>
			<resourceAttribute>
				<resourcePath>/shared/test00/DataSources/testWebService</resourcePath>
				<resourceType>DATA_SOURCE</resourceType>
				<attribute>password</attribute>
				<value>admin</value>
			</resourceAttribute>
		</setAttributes>
	</archive>
	
	<archive>
		<id>export01</id>
		<archiveMethod>CAR</archiveMethod>
		<archiveFileName>$PROJECT_HOME_PHYSICAL/resources/modules/test/test00_$CIS_VERSION$%CIS_HTTP_TYPE%.car</archiveFileName>
		<includeDependencies>false</includeDependencies>
		<overwrite></overwrite> 
		<resources>
			<export>/shared/test00</export>
			<export></export>	
		</resources>
	</archive>
	
	<archive>
		<id>import01</id>
		<archiveMethod>CAR</archiveMethod>
		<archiveFileName>$PROJECT_HOME_PHYSICAL\resources\carfiles\TEST00_$CIS_VERSION$%CIS_HTTP_TYPE%.car</archiveFileName>
		<includeaccess>true</includeaccess>
		<includecaching>true</includecaching>
		<includejars>true</includejars>
		<includesourceinfo>true</includesourceinfo>
		<overwrite>true</overwrite> 
		<setAttributes>
			<resourceAttribute>
				<resourcePath>/shared/test00/DataSources/testWebService</resourcePath>
				<resourceType>DATA_SOURCE</resourceType>
				<attribute>host</attribute>
				<value>http://localhost:$CIS_WSPORT/services/TEST00/testWebService?wsdl</value>
			</resourceAttribute>
			<resourceAttribute>
				<resourcePath>/shared/test00/DataSources/testWebService</resourcePath>
				<resourceType>DATA_SOURCE</resourceType>
				<attribute>user</attribute>
				<value>admin</value>
			</resourceAttribute>
			<resourceAttribute>
				<resourcePath>/shared/test00/DataSources/testWebService</resourcePath>
				<resourceType>DATA_SOURCE</resourceType>
				<attribute>password</attribute>
				<value>admin</value>
			</resourceAttribute>
			<resourceAttribute>
				<resourcePath>/shared/test00/DataSources/ds_orders</resourcePath>
				<resourceType>DATA_SOURCE</resourceType>
				<attribute>port</attribute>
				<value>$CIS_REPO_PORT</value>
			</resourceAttribute>
			<resourceAttribute>
				<resourcePath>/shared/test00/DataSourcesCopy/ds_orders</resourcePath>
				<resourceType>DATA_SOURCE</resourceType>
				<attribute>port</attribute>
				<value>$CIS_REPO_PORT</value>
			</resourceAttribute>
		</setAttributes>
	</archive>
	<archive>
		<id>import02</id>
		<archiveMethod>CAR</archiveMethod>
		<archiveFileName>$PROJECT_HOME_PHYSICAL\resources\carfiles\TEST00_$CIS_VERSION$%CIS_HTTP_TYPE%_longpath.car</archiveFileName>
		<includeaccess>true</includeaccess>
		<includecaching>false</includecaching>
		<includejars>false</includejars>
		<includesourceinfo>false</includesourceinfo>
		<overwrite>true</overwrite> 
	</archive>
	
	<!-- Used for Regression Module Testing -->
	<archive>
		<id>regression01</id>
		<archiveMethod>CAR</archiveMethod>
		<archiveFileName>$PROJECT_HOME_PHYSICAL\resources\carfiles\Regression_Test_$CIS_VERSION$.car</archiveFileName>
		<overwrite>true</overwrite> 
		<setAttributes>
			<resourceAttribute>
				<resourcePath>/shared/_regression/Physical/Metadata/MysqlSource/INVENTORY/ds_inventory</resourcePath>
				<resourceType>DATA_SOURCE</resourceType>
				<attribute>port</attribute>
				<value>$CIS_REPO_PORT</value>
			</resourceAttribute>
			<resourceAttribute>
				<resourcePath>/shared/_regression/Physical/Metadata/MysqlSource/ORDERS1/ds_orders1</resourcePath>
				<resourceType>DATA_SOURCE</resourceType>
				<attribute>port</attribute>
				<value>$CIS_REPO_PORT</value>
			</resourceAttribute>
			<resourceAttribute>
				<resourcePath>/shared/_regression/Physical/Metadata/MysqlSource/ORDERS2/ds_orders2</resourcePath>
				<resourceType>DATA_SOURCE</resourceType>
				<attribute>port</attribute>
				<value>$CIS_REPO_PORT</value>
			</resourceAttribute>
			<resourceAttribute>
				<resourcePath>/shared/_regression/Physical/Metadata/XML/ds_XML</resourcePath>
				<resourceType>DATA_SOURCE</resourceType>
				<attribute>path</attribute>
				<value>C:\CompositeSoftware\CIS6.2.5\docs\examples</value>
			</resourceAttribute>
		</setAttributes>
	</archive>
	
	<archive>
		<id>TestOptions</id>
		<pkgName>Test package-export and package-import operations</pkgName>
		<description>Test archive that contains resources from two folder in admin's My Home</description>
		<archiveFileName>$PROJECT_HOME_PHYSICAL/resources/modules/test/TestCar.car</archiveFileName>
		<includeDependencies>false</includeDependencies>		
		<overwrite>true</overwrite> 
		<encrypt>false</encrypt>
		<resources>
			<export>/users/composite/admin/test00/datasources/K12</export>
			<export>/users/composite/admin/test00/datasources/451-AUTH</export>
			<export>/users/composite/admin/test00/datasources/BIBLIO3_2008</export>
			<export>/users/composite/admin/test00/views</export>
			<export>/users/composite/admin/test00/utilities</export>
			<export>/shared/PS_UTIL</export>
			<relocate>
				<oldPath>/users/composite/admin/test00/utilities</oldPath>
				<newPath>/users/composite/admin/test00/restored/utilities</newPath>
			</relocate>
			<relocate>
				<oldPath>/users/composite/admin/test00/datasources</oldPath>
				<newPath>/users/composite/admin/test00/restored/datasources</newPath>
			</relocate>
		</resources>
		<setAttributes>
			<resourceAttribute>
				<resourcePath>/users/composite/admin/test00/restored/datasources/BIBLIO3_2008</resourcePath>
				<resourceType>DATA_SOURCE</resourceType>
				<attribute>annotation</attribute>
				<value>test data source</value>
			</resourceAttribute>
		</setAttributes>
		<archiveMethod>CAR</archiveMethod>
	</archive>
	<archive>
		<id>TestRestoreOptions</id>
		<pkgName>Test backup-export/backup-import operations</pkgName>
		<description>Test archive that contains full backup of a Composite server</description>
		<archiveFileName>$PROJECT_HOME_PHYSICAL/resources/modules/test/TestFullCar.car</archiveFileName>
		<overwrite>true</overwrite> 
		<encrypt>false</encrypt>
		<resources>
			<relocate>
				<oldPath>/users/composite/admin/test00/training</oldPath>
				<newPath>/users/composite/admin/test00/backup/training</newPath>
			</relocate>
			<relocate>
				<oldPath>/users/composite/admin/test00/restored</oldPath>
				<newPath>NOIMPORT</newPath>
			</relocate>
		</resources>
		<archiveMethod>CAR</archiveMethod>
	</archive>

	<archive>
		<id>K12</id>
		<pkgName>K12 datasource export/import</pkgName>
		<description>Test archive that contains a single DS resource</description>
		<archiveFileName>$PROJECT_HOME_PHYSICAL/resources/modules/test/K12.car</archiveFileName>
		<includeDependencies>false</includeDependencies>		
		<overwrite>true</overwrite> 
		<resources>
			<!-- on export -->
			<export>/users/composite/admin/test00/datasources/K12</export>
			<!-- on import -->
			<relocate>
				<oldPath>/users/composite/admin/test00</oldPath>
				<newPath>/users/composite/admin/test00/restored</newPath>
			</relocate>
		</resources>
		<users>
			<!-- exporting security info -->
			<export>
				<domain>composite</domain>
				<group></group>
			</export>
			<export>
				<domain>composite</domain>
				<group>group1</group>
				<user></user>
			</export>
			<export>
				<domain>composite</domain>
				<user>user2</user>
			</export>
			<!-- importing security info -->
			<import>merge</import>
			<import>overwrite</import>
		</users>
		<setAttributes>
			<resourceAttribute>
				<resourcePath>/users/composite/admin/test00/restored/K12</resourcePath>
				<resourceType>DATA_SOURCE</resourceType>
				<attribute>annotation</attribute>
				<value>Test setting datasource annotation</value>
			</resourceAttribute>
		</setAttributes>
		<archiveMethod>CAR</archiveMethod>
	</archive>


</p1:ArchiveModule>
