<?xml version="1.0"?>
<!--
######################################################################
# (c) 2014 Cisco and/or its affiliates. All rights reserved.
# 
# This software is released under the Eclipse Public License. The details can be found in the file LICENSE. 
# Any dependent libraries supplied by third parties are provided under their own open source licenses as 
# described in their own LICENSE files, generally named .LICENSE.txt. The libraries supplied by Cisco as 
# part of the Composite Information Server/Cisco Data Virtualization Server, particularly csadmin-XXXX.jar, 
# csarchive-XXXX.jar, csbase-XXXX.jar, csclient-XXXX.jar, cscommon-XXXX.jar, csext-XXXX.jar, csjdbc-XXXX.jar, 
# csserverutil-XXXX.jar, csserver-XXXX.jar, cswebapi-XXXX.jar, and customproc-XXXX.jar (where -XXXX is an 
# optional version number) are provided as a convenience, but are covered under the licensing for the 
# Composite Information Server/Cisco Data Virtualization Server. They cannot be used in any way except 
# through a valid license for that product.
# 
# This software is released AS-IS!. Support for this software is not covered by standard maintenance agreements with Cisco. 
# Any support for this software by Cisco would be covered by paid consulting agreements, and would be billable work.
# 
######################################################################
-->
<p1:ResourceModule xmlns:p1="http://www.dvbu.cisco.com/ps/deploytool/modules">
    <resource>
        <id>testproc</id>
        <resourcePath>testproc</resourcePath>
        <dataServiceName>TEST00</dataServiceName>
        <argument>Test Proc success</argument>
        <argument>0</argument>
        <argument>12.3</argument>
        <argument>3.141592653589793</argument>
        <argument>2000-02-01</argument>
        <argument>23:59:01</argument>
        <argument>1923-03-06 23:59:31</argument>
        <argument></argument>
        <argument>0</argument>   
    </resource>
    <resource>
        <id>testproc-fail</id>
        <resourcePath>testproc</resourcePath>
        <dataServiceName>TEST00</dataServiceName>
        <argument>Test Proc Fail</argument>
        <argument>1</argument>
        <argument>12.3</argument>
        <argument>3.141592653589793</argument>
        <argument>2000-02-01</argument>
        <argument>23:59:01</argument>
        <argument>1923-03-06 23:59:31</argument>
        <argument></argument>
        <argument>1</argument>   
    </resource>
    <resource>
        <id>testprocsimple-success</id>
        <resourcePath>testprocsimple</resourcePath>
        <dataServiceName>TEST00</dataServiceName>
        <argument>Test Proce Simple Success</argument>
        <argument>0</argument> 
    </resource>    
    <resource>
        <id>testprocsimple-success-output-true</id>
        <resourcePath>testprocsimple</resourcePath>
        <dataServiceName>TEST00</dataServiceName>
        <argument>Test Proce Simple Success</argument>
        <argument>0</argument> 
		<outputReturnVariables>true</outputReturnVariables>
    </resource>    
    <resource>
        <id>testprocsimple-success-output-false</id>
        <resourcePath>testprocsimple</resourcePath>
        <dataServiceName>TEST00</dataServiceName>
        <argument>Test Proce Simple Success</argument>
        <argument>0</argument> 
		<outputReturnVariables>false</outputReturnVariables>
    </resource>    
    <resource>
        <id>testprocsimple-fail</id>
        <resourcePath>testprocsimple</resourcePath>
        <dataServiceName>TEST00</dataServiceName>
        <argument>Test Proce Simple Fail</argument>
        <argument>1</argument> 
    </resource>    
    <resource>
        <id>testnoparams</id>
        <resourcePath>testnoparams</resourcePath>
        <dataServiceName>TEST00</dataServiceName>
    </resource>   
	
    <resource>
        <id>exist1</id>
        <resourcePath>/shared/test00/f1/p1</resourcePath>
    </resource>

	<resource>
        <id>copy1</id>
        <resourcePath>/shared/test00/f1/p1</resourcePath>
        <targetContainerPath>/shared/test00/f1</targetContainerPath>
        <newName>p1copy</newName>
        <copyMode>OVERWRITE_REPLACE_IF_EXISTS</copyMode>
    </resource>
	
	<resource>
        <id>rename1</id>
        <resourcePath>/shared/test00/f1/p1copy</resourcePath>
        <targetContainerPath>/shared/test00/f1</targetContainerPath>
        <newName>p1rename</newName>
    </resource>

	<resource>
        <id>move1</id>
        <resourcePath>/shared/test00/f1/p1rename</resourcePath>
        <targetContainerPath>/shared/test00/f1/f2</targetContainerPath>
        <newName>p1move</newName>
    </resource>
	
    <resource>
        <id>delete1</id>
        <resourcePath>/shared/test00/f1/f2/p1move</resourcePath>
    </resource>
	
	<resource>
        <id>lock1</id>
        <resourcePath>/shared/test00/f1/p1</resourcePath>
    </resource>
	
	<resource>
        <id>unlock1</id>
        <resourcePath>/shared/test00/f1/p1</resourcePath>
		<comment>unlocking resource</comment>
    </resource>

	<resource>
        <id>createFolder1</id>
        <resourcePath>/shared/test00/_test2/test2</resourcePath>
        <resourcePath>/shared/test00/_test3</resourcePath>
		<recursive>true</recursive>
		<ignoreErrors>true</ignoreErrors>
    </resource>

	<resource>
        <id>createFolder2</id>
		<resourcePath>/shared/test00/DataSourcesCopy/ds_orders/admin</resourcePath>
 		<recursive>false</recursive>
		<ignoreErrors>true</ignoreErrors>
    </resource>
	
</p1:ResourceModule>