<?xml version="1.0" encoding="UTF-8" standalone="yes"?>
<!--
######################################################################
# (c) 2014 Cisco and/or its affiliates. All rights reserved.
# 
# This software is released under the Eclipse Public License. The details can be found in the file LICENSE. 
# Any dependent libraries supplied by third parties are provided under their own open source licenses as 
# described in their own LICENSE files, generally named .LICENSE.txt. The libraries supplied by Cisco as 
# part of the Composite Information Server/Cisco Data Virtualization Server, particularly csadmin-XXXX.jar, 
# csarchive-XXXX.jar, csbase-XXXX.jar, csclient-XXXX.jar, cscommon-XXXX.jar, csext-XXXX.jar, csjdbc-XXXX.jar, 
# csserverutil-XXXX.jar, csserver-XXXX.jar, cswebapi-XXXX.jar, and customproc-XXXX.jar (where -XXXX is an 
# optional version number) are provided as a convenience, but are covered under the licensing for the 
# Composite Information Server/Cisco Data Virtualization Server. They cannot be used in any way except 
# through a valid license for that product.
# 
# This software is released AS-IS!. Support for this software is not covered by standard maintenance agreements with Cisco. 
# Any support for this software by Cisco would be covered by paid consulting agreements, and would be billable work.
# 
######################################################################
-->
<ns2:GroupModule xmlns:ns2="http://www.dvbu.cisco.com/ps/deploytool/modules">
    <group>
        <id>admin-0</id>
        <groupName>admin</groupName>
        <groupDomain>composite</groupDomain>
        <privilege>ACCESS_TOOLS MODIFY_ALL_CONFIG MODIFY_ALL_RESOURCES MODIFY_ALL_STATUS MODIFY_ALL_USERS READ_ALL_CONFIG READ_ALL_RESOURCES READ_ALL_STATUS READ_ALL_USERS UNLOCK_RESOURCE</privilege>
    </group>
    <group>
        <id>all-1</id>
        <groupName>all</groupName>
        <groupDomain>composite</groupDomain>
        <privilege>NONE</privilege>
    </group>
    <group>
        <id>group1-2</id>
        <groupName>group1</groupName>
        <groupDomain>composite</groupDomain>
        <privilege>NONE</privilege>
    </group>
    <group>
        <id>group2-3</id>
        <groupName>group2</groupName>
        <groupDomain>composite</groupDomain>
        <privilege>NONE</privilege>
    </group>
    <group>
        <id>group3-4</id>
        <groupName>group3</groupName>
        <groupDomain>composite</groupDomain>
        <privilege>NONE</privilege>
    </group>
</ns2:GroupModule>
