<?xml version="1.0" encoding="UTF-8"?>
<!--
######################################################################
# (c) 2017 TIBCO Software Inc. All rights reserved.
# 
# Except as specified below, this software is licensed pursuant to the Eclipse Public License v. 1.0.
# The details can be found in the file LICENSE.
# 
# The following proprietary files are included as a convenience, and may not be used except pursuant
# to valid license to Composite Information Server or TIBCO(R) Data Virtualization Server:
# csadmin-XXXX.jar, csarchive-XXXX.jar, csbase-XXXX.jar, csclient-XXXX.jar, cscommon-XXXX.jar,
# csext-XXXX.jar, csjdbc-XXXX.jar, csserverutil-XXXX.jar, csserver-XXXX.jar, cswebapi-XXXX.jar,
# and customproc-XXXX.jar (where -XXXX is an optional version number).  Any included third party files
# are licensed under the terms contained in their own accompanying LICENSE files, generally named .LICENSE.txt.
# 
# This software is licensed AS-IS. Support for this software is not covered by standard maintenance agreements with TIBCO.
# If you would like to obtain assistance with this software, such assistance may be obtained through a separate paid consulting
# agreement with TIBCO.
#
######################################################################
	For passwords use the following XML Escape characters within the encryptedpassword field:
			"   &quot;
			'   &apos;
			<   &lt;
			>   &gt;
			&   &amp;
		Example:  <encryptedpassword>Pass &quot; &apos; &lt; &gt; &amp; word</encryptedpassword>
-->
<servers>
  <!-- CIS 7.0.1 Server -->
  <server>
    <id>DEV1_9400http</id>
    <hostname>localhost</hostname>
    <port>9400</port>
    <usage>DEV1</usage>
    <user>$CIS_USERNAME</user>
    <encryptedpassword>$CIS_PASSWORD</encryptedpassword>
    <domain>$CIS_DOMAIN</domain>
    <cishome>/CompositeSoftware/CIS7.0.0</cishome>
    <clustername />
    <site>Local</site>
    <useHttps>false</useHttps>
    <allowVariables>true</allowVariables>
  </server>
  <server>
    <id>UAT1_9400http</id>
    <hostname>localhost</hostname>
    <port>9400</port>
    <usage>UAT1</usage>
    <user>$CIS_USERNAME</user>
    <encryptedpassword>$CIS_PASSWORD</encryptedpassword>
    <domain>$CIS_DOMAIN</domain>
    <cishome>/CompositeSoftware/CIS7.0.0</cishome>
    <clustername />
    <site>Local</site>
    <useHttps>false</useHttps>
    <allowVariables>true</allowVariables>
  </server>
  <server>
    <id>PROD1_9400http</id>
    <hostname>localhost</hostname>
    <port>9400</port>
    <usage>PROD1</usage>
    <user>$CIS_USERNAME</user>
    <encryptedpassword>$CIS_PASSWORD</encryptedpassword>
    <domain>$CIS_DOMAIN</domain>
    <cishome>/CompositeSoftware/CIS7.0.0</cishome>
    <clustername />
    <site>Local</site>
    <useHttps>false</useHttps>
    <allowVariables>true</allowVariables>
  </server>
  <server>
    <id>localhost9400http</id>
    <hostname>localhost</hostname>
    <port>9400</port>
    <usage>localhost</usage>
    <user>$CIS_USERNAME</user>
    <encryptedpassword>$CIS_PASSWORD</encryptedpassword>
    <domain>$CIS_DOMAIN</domain>
    <cishome>D:\CompositeSoftware\CIS7.0.0</cishome>
    <clustername />
    <site>Local</site>
    <useHttps>false</useHttps>
    <allowVariables>true</allowVariables>
  </server>
  <server>
    <id>localhost9400https</id>
    <hostname>localhost</hostname>
    <port>9400</port>
    <usage>localhost</usage>
    <user>$CIS_USERNAME</user>
    <encryptedpassword>$CIS_PASSWORD</encryptedpassword>
    <domain>$CIS_DOMAIN</domain>
    <cishome>D:\CompositeSoftware\CIS7.0.0</cishome>
    <clustername />
    <site>Local</site>
    <useHttps>true</useHttps>
    <allowVariables>true</allowVariables>
  </server>
  <server>
    <id>localhost9420http</id>
    <hostname>localhost</hostname>
    <port>9420</port>
    <usage>localhost</usage>
    <user>$CIS_USERNAME</user>
    <encryptedpassword>$CIS_PASSWORD</encryptedpassword>
    <domain>$CIS_DOMAIN</domain>
    <cishome>D:\CompositeSoftware\CIS7.0.0</cishome>
    <clustername />
    <site>Local</site>
    <useHttps>false</useHttps>
    <allowVariables>true</allowVariables>
  </server>
  <server>
    <id>lab9420http</id>
    <hostname>localhost</hostname>
    <port>9420</port>
    <usage>Lab1</usage>
    <user>$CIS_USERNAME</user>
    <encryptedpassword>$CIS_PASSWORD</encryptedpassword>
    <domain>$CIS_DOMAIN</domain>
    <cishome>D:\CompositeSoftware\CIS7.0.0</cishome>
    <clustername />
    <site>Local</site>
    <useHttps>false</useHttps>
    <allowVariables>true</allowVariables>
  </server>
</servers>

