<?xml version="1.0"?>
<p1:DatasourceModule xmlns:p1="http://www.dvbu.cisco.com/ps/deploytool/modules">
    <datasource>
        <genericDataSource>
            <id>ds1</id>
            <resourcePath>/shared/test00/DataSources/ServerAttributeDefinitions</resourcePath>
            <genericAttribute>
                <name>autoAddChildren</name>
                <type>STRING</type>
                <value>false</value>
            </genericAttribute>
            <genericAttribute>
                <name>charset</name>
                <type>STRING</type>
                <value>&lt;auto detect&gt;</value>
            </genericAttribute>
            <genericAttribute>
                <name>filters</name>
                <type>STRING</type>
                <value>*.xml</value>
            </genericAttribute>
            <genericAttribute>
                <name>root</name>
                <type>STRING</type>
                <value>$PROJECT_HOME_PHYSICAL/resources/modules/generated</value>
            </genericAttribute>
        </genericDataSource>
    </datasource>
    <datasource>
        <relationalDataSource>
            <id>ds2</id>
            <resourcePath>/shared/test00/DataSources/ds_orders</resourcePath>
            <hostname>localhost</hostname>
            <port>9408</port>
            <databaseName>orders</databaseName>
            <login>tutorial</login>
            <encryptedPassword>Encrypted:A49A5A0FAFF13F4A</encryptedPassword>
            <valQuery></valQuery>
            <genericAttribute>
                <name>autoAddChildren</name>
                <type>STRING</type>
                <value>true</value>
            </genericAttribute>
            <genericAttribute>
                <name>commitOnFetchDone</name>
                <type>BOOLEAN</type>
                <value>false</value>
            </genericAttribute>
            <genericAttribute>
                <name>connPoolMaxSize</name>
                <type>INTEGER</type>
                <value>50</value>
            </genericAttribute>
            <genericAttribute>
                <name>connPoolMinSize</name>
                <type>INTEGER</type>
                <value>10</value>
            </genericAttribute>
            <genericAttribute>
                <name>connPoolTimeout</name>
                <type>INTEGER</type>
                <value>30</value>
            </genericAttribute>
            <genericAttribute>
                <name>connStaleTimeout</name>
                <type>INTEGER</type>
                <value>0</value>
            </genericAttribute>
            <genericAttribute>
                <name>execTimeout</name>
                <type>INTEGER</type>
                <value>0</value>
            </genericAttribute>
            <genericAttribute>
                <name>healthmonitortable</name>
                <type>STRING</type>
                <value>cis_hm_table</value>
            </genericAttribute>
            <genericAttribute>
                <name>isPassThrough</name>
                <type>STRING</type>
                <value>Disabled</value>
            </genericAttribute>
            <genericAttribute>
                <name>persistPassword</name>
                <type>BOOLEAN</type>
                <value>true</value>
            </genericAttribute>
            <genericAttribute>
                <name>streamingResults</name>
                <type>BOOLEAN</type>
                <value>true</value>
            </genericAttribute>
            <genericAttribute>
                <name>txnIsolationLevel</name>
                <type>STRING</type>
                <value>Read Committed</value>
            </genericAttribute>
            <genericAttribute>
                <name>urlPatternStr</name>
                <type>STRING</type>
                <value>jdbc:mysql://&lt;HOST&gt;:&lt;PORT&gt;/&lt;DATABASE_NAME&gt;</value>
            </genericAttribute>
        </relationalDataSource>
    </datasource>
    <datasource>
        <genericDataSource>
            <id>ds3</id>
            <resourcePath>/shared/test00/DataSources/testWebService</resourcePath>
			<!-- CIS 5.1.0
            <genericAttribute>
                <name>authentication</name>
                <type>STRING</type>
                <value>HTTP BASIC</value>
            </genericAttribute>
			-->
			<!-- CIS 5.2.0 and higher -->
            <genericAttribute>
                <name>authentication</name>
                <type>STRING</type>
                <value>BASIC</value>
            </genericAttribute>
			<!-- -->
            <genericAttribute>
                <name>authentication</name>
                <type>STRING</type>
                <value>BASIC</value>
            </genericAttribute>			
            <genericAttribute>
                <name>autoAddChildren</name>
                <type>STRING</type>
                <value>true</value>
            </genericAttribute>
            <genericAttribute>
                <name>isPassThrough</name>
                <type>STRING</type>
                <value>Disabled</value>
            </genericAttribute>
            <genericAttribute>
                <name>login</name>
                <type>STRING</type>
                <value>admin</value>
            </genericAttribute>
            <genericAttribute>
                <name>password</name>
                <type>PASSWORD_STRING</type>
                <value>Encrypted:7F6324FFD300BE8F</value>
            </genericAttribute>
            <genericAttribute>
                <name>persistPassword</name>
                <type>BOOLEAN</type>
                <value>true</value>
            </genericAttribute>
            <genericAttribute>
                <name>url</name>
                <type>STRING</type>
                <value>$HTTP_TYPE$://localhost:$WSPORT/services/TEST00/testWebService?wsdl</value>
            </genericAttribute>
        </genericDataSource>
    </datasource>
    <datasource>
        <genericDataSource>
            <id>ds4</id>
            <resourcePath>/shared/test00/DataSourcesCopy/ServerAttributeDefinitions</resourcePath>
            <genericAttribute>
                <name>autoAddChildren</name>
                <type>STRING</type>
                <value>false</value>
            </genericAttribute>
            <genericAttribute>
                <name>charset</name>
                <type>STRING</type>
                <value>&lt;auto detect&gt;</value>
            </genericAttribute>
            <genericAttribute>
                <name>filters</name>
                <type>STRING</type>
                <value>*.xml</value>
            </genericAttribute>
            <genericAttribute>
                <name>root</name>
                <type>STRING</type>
                <value>$PROJECT_HOME_PHYSICAL/resources/modules/generated</value>
            </genericAttribute>
        </genericDataSource>
    </datasource>
    <datasource>
		<introspectDataSource>
			<id>ds5</id>
			<resourcePath>/shared/test00/DataSources/ds_orders</resourcePath>
			<!--Element runInBackgroundTransaction is optional-->
			<runInBackgroundTransaction>false</runInBackgroundTransaction>
			<reportDetail>SUMMARY</reportDetail>
			<plan>
				<updateAllIntrospectedResources>true</updateAllIntrospectedResources>
				<failFast>true</failFast>
				<commitOnFailure>true</commitOnFailure>
					<autoRollback>true</autoRollback>
				<scanForNewResourcesToAutoAdd>false</scanForNewResourcesToAutoAdd>
				<!--Element planEntry is optional-->
				<planEntry>
				<resourceId>
					<resourcePath>shippingmethods</resourcePath>
					<resourceType>TABLE</resourceType>
					<subtype>DATABASE_TABLE</subtype>
				</resourceId>
				<action>REMOVE</action>
				</planEntry>		
			</plan>
		</introspectDataSource>
    </datasource>
	
    <datasource>
	    <introspectDataSource>
			<id>ds6</id>
			<resourcePath>/shared/test00/DataSources/ds_orders</resourcePath>
			<!--Element runInBackgroundTransaction is optional-->
			<runInBackgroundTransaction>false</runInBackgroundTransaction>
			<reportDetail>FULL</reportDetail>
			<plan>
				<updateAllIntrospectedResources>true</updateAllIntrospectedResources>
				<failFast>true</failFast>
				<commitOnFailure>true</commitOnFailure>
				<autoRollback>true</autoRollback>
				<scanForNewResourcesToAutoAdd>false</scanForNewResourcesToAutoAdd>
				<!--Element planEntry is optional-->
				<planEntry>
					<resourceId>
						<resourcePath>shippingmethods</resourcePath>
						<resourceType>TABLE</resourceType>
						<subtype>DATABASE_TABLE</subtype>
					</resourceId>
					<action>ADD_OR_UPDATE</action>
				</planEntry>		
			</plan>
		</introspectDataSource>
    </datasource>
    <datasource>
	    <introspectDataSource>
			<id>ds7</id>
			<resourcePath>/shared/test00/DataSources/ds_orders</resourcePath>
			<!--Element runInBackgroundTransaction is optional-->
			<runInBackgroundTransaction>false</runInBackgroundTransaction>
			<reportDetail>FULL</reportDetail>
			<plan>
				<updateAllIntrospectedResources>true</updateAllIntrospectedResources>
				<failFast>true</failFast>
				<commitOnFailure>true</commitOnFailure>
				<autoRollback>true</autoRollback>
				<scanForNewResourcesToAutoAdd>false</scanForNewResourcesToAutoAdd>
				<!--Element planEntry is optional-->
				<planEntry>
					<resourceId>
						<resourcePath>shippingmethods</resourcePath>
						<resourceType>TABLE</resourceType>
						<subtype>DATABASE_TABLE</subtype>
					</resourceId>
					<action>ADD_OR_UPDATE</action>
				</planEntry>
				<planEntry>
					<resourceId>
						<resourcePath>customers</resourcePath>
						<resourceType>TABLE</resourceType>
						<subtype>DATABASE_TABLE</subtype>
					</resourceId>
					<action>REMOVE</action>
				</planEntry>			
			</plan>
		</introspectDataSource>
    </datasource>
    <datasource>
	    <introspectDataSource>
			<id>ds8</id>
			<resourcePath>/shared/test00/DataSources/cisOraDemoDS</resourcePath>
			<!--Element runInBackgroundTransaction is optional-->
			<runInBackgroundTransaction>false</runInBackgroundTransaction>
			<reportDetail>SIMPLE_COMPRESSED</reportDetail>
			<plan>
				<updateAllIntrospectedResources>true</updateAllIntrospectedResources>
				<failFast>true</failFast>
				<commitOnFailure>true</commitOnFailure>
				<autoRollback>true</autoRollback>
				<scanForNewResourcesToAutoAdd>false</scanForNewResourcesToAutoAdd>
				<!--Element planEntry is optional-->
				<planEntry>
					<resourceId>
						<resourcePath>CISORADEMO/EMPLOYEES</resourcePath>
						<resourceType>TABLE</resourceType>
						<subtype>DATABASE_TABLE</subtype>
					</resourceId>
					<action>ADD_OR_UPDATE</action>
				</planEntry>	
				<planEntry>
					<resourceId>
						<resourcePath>CISORADEMO/Suppliers0</resourcePath>
						<resourceType>TABLE</resourceType>
						<subtype>DATABASE_TABLE</subtype>
					</resourceId>
					<action>REMOVE</action>
				</planEntry>
				<planEntry>
					<resourceId>
						<resourcePath>CISORADEMO/Suppliers1</resourcePath>
						<resourceType>TABLE</resourceType>
						<subtype>DATABASE_TABLE</subtype>
					</resourceId>
					<action>REMOVE</action>
				</planEntry>
				<planEntry>
					<resourceId>
						<resourcePath>CISORADEMO/Suppliers2</resourcePath>
						<resourceType>TABLE</resourceType>
						<subtype>DATABASE_TABLE</subtype>
					</resourceId>
					<action>REMOVE</action>
				</planEntry>				
			</plan>
		</introspectDataSource>
    </datasource>

    <datasource>
	    <introspectDataSource>
			<id>ds9</id>
			<resourcePath>/shared/test00/DataSources/cisOraDemoDS</resourcePath>
			<!--Element runInBackgroundTransaction is optional-->
			<runInBackgroundTransaction>false</runInBackgroundTransaction>
			<reportDetail>FULL</reportDetail>
			<plan>
				<updateAllIntrospectedResources>true</updateAllIntrospectedResources>
				<failFast>true</failFast>
				<commitOnFailure>true</commitOnFailure>
				<autoRollback>true</autoRollback>
				<scanForNewResourcesToAutoAdd>false</scanForNewResourcesToAutoAdd>
				<!--Element planEntry is optional-->
				<planEntry>
					<resourceId>
						<resourcePath>CISORADEMO</resourcePath>
						<resourceType>CONTAINER</resourceType>
						<subtype>SCHEMA_CONTAINER</subtype>
					</resourceId>
					<action>ADD_OR_UPDATE_RECURSIVELY</action>
				</planEntry>				
			</plan>
		</introspectDataSource>
    </datasource>
	
</p1:DatasourceModule>