<?xml version="1.0" encoding="UTF-8" standalone="yes"?>
<ns2:ResourceCacheModule xmlns:ns2="http://www.tibco.com/ps/deploytool/modules">
    <resourceCache>
        <id>cache1</id>
        <resourcePath>/shared/test00/ResourceCache/customer_cache</resourcePath>
        <resourceType>TABLE</resourceType>
        <cacheConfig>
            <allOrNothing>true</allOrNothing>
            <configured>true</configured>
            <enabled>false</enabled>
            <incremental>false</incremental>
            <storage>
                <mode>AUTOMATIC</mode>
                <storageDataSourcePath>/lib/sources/cacheDataSource</storageDataSourcePath>
                <storageTargets>
                    <targetName>result</targetName>
                    <path>/lib/sources/cacheDataSource/view61327</path>
                    <type>TABLE</type>
                </storageTargets>
            </storage>
            <refresh>
                <mode>SCHEDULED</mode>
                <schedule>
                    <startTime>2011-06-09T11:50:47.000Z</startTime>
                    <refreshPeriod>
                        <period>MINUTE</period>
                        <count>90</count>
                    </refreshPeriod>
                </schedule>
            </refresh>
            <expirationPeriod>
                <period>SECOND</period>
                <count>2000</count>
            </expirationPeriod>
            <clearRule>NONE</clearRule>
        </cacheConfig>
    </resourceCache>
    <resourceCache>
        <id>cache2</id>
        <resourcePath>/shared/test00/ResourceCache/testCacheProc</resourcePath>
        <resourceType>PROCEDURE</resourceType>
        <cacheConfig>
            <allOrNothing>true</allOrNothing>
            <configured>true</configured>
            <enabled>false</enabled>
            <incremental>false</incremental>
            <storage>
                <mode>AUTOMATIC</mode>
                <storageDataSourcePath>/lib/sources/cacheDataSource</storageDataSourcePath>
                <storageTargets>
                    <targetName>result</targetName>
                    <path>/lib/sources/cacheDataSource/proc61355p1</path>
                    <type>TABLE</type>
                </storageTargets>
            </storage>
            <refresh>
                <mode>SCHEDULED</mode>
                <schedule>
                    <startTime>2011-06-12T11:50:21.000Z</startTime>
                    <refreshPeriod>
                        <period>MINUTE</period>
                        <count>185</count>
                    </refreshPeriod>
                </schedule>
            </refresh>
            <expirationPeriod>
                <period>SECOND</period>
                <count>5001</count>
            </expirationPeriod>
            <clearRule>NONE</clearRule>
        </cacheConfig>
    </resourceCache>
    <resourceCache>
        <id>cache3</id>
        <resourcePath>/shared/test00/ResourceCache/testCacheView</resourcePath>
        <resourceType>TABLE</resourceType>
        <cacheConfig>
            <allOrNothing>true</allOrNothing>
            <configured>true</configured>
            <enabled>false</enabled>
            <incremental>false</incremental>
            <storage>
                <mode>AUTOMATIC</mode>
                <storageDataSourcePath>/lib/sources/cacheDataSource</storageDataSourcePath>
                <storageTargets>
                    <targetName>result</targetName>
                    <path>/lib/sources/cacheDataSource/view61341</path>
                    <type>TABLE</type>
                </storageTargets>
            </storage>
            <refresh>
                <mode>SCHEDULED</mode>
                <schedule>
                    <startTime>2011-03-20T09:26:05.000Z</startTime>
                    <refreshPeriod>
                        <period>MINUTE</period>
                        <count>65</count>
                    </refreshPeriod>
                </schedule>
            </refresh>
            <expirationPeriod>
                <period>SECOND</period>
                <count>0</count>
            </expirationPeriod>
            <clearRule>ON_LOAD</clearRule>
        </cacheConfig>
    </resourceCache>
</ns2:ResourceCacheModule>
