<?xml version="1.0" encoding="UTF-8"?>
<servers>
  <!-- CIS 7.0.1 Server -->
  <server>
    <id>DEV1_9420http</id>
    <hostname>localhost</hostname>
    <port>9420</port>
    <usage>DEV1</usage>
    <user>$CIS_USERNAME</user>
    <encryptedpassword>$CIS_PASSWORD</encryptedpassword>
    <domain>$CIS_DOMAIN</domain>
    <cishome>/CompositeSoftware/CIS7.0.0</cishome>
    <clustername></clustername>
    <site>Local</site>
    <useHttps>false</useHttps>
    <allowVariables>true</allowVariables>
  </server>

  <server>
    <id>UAT1_9420http</id>
    <hostname>localhost</hostname>
    <port>9420</port>
    <usage>UAT1</usage>
    <user>$CIS_USERNAME</user>
    <encryptedpassword>$CIS_PASSWORD</encryptedpassword>
    <domain>$CIS_DOMAIN</domain>
    <cishome>/CompositeSoftware/CIS7.0.0</cishome>
    <clustername></clustername>
    <site>Local</site>
    <useHttps>false</useHttps>
    <allowVariables>true</allowVariables>
  </server>

  <server>
    <id>PROD1_9420http</id>
    <hostname>localhost</hostname>
    <port>9420</port>
    <usage>PROD1</usage>
    <user>$CIS_USERNAME</user>
    <encryptedpassword>$CIS_PASSWORD</encryptedpassword>
    <domain>$CIS_DOMAIN</domain>
    <cishome>/CompositeSoftware/CIS7.0.0</cishome>
    <clustername></clustername>
    <site>Local</site>
    <useHttps>false</useHttps>
    <allowVariables>true</allowVariables>
  </server>
 
  <server>
    <id>localhost9420http</id>
    <hostname>localhost</hostname>
    <port>9420</port>
    <usage>localhost</usage>
    <user>$CIS_USERNAME</user>
    <encryptedpassword>$CIS_PASSWORD</encryptedpassword>
    <domain>$CIS_DOMAIN</domain>
    <cishome>D:\CompositeSoftware\CIS7.0.0</cishome>
    <clustername></clustername>
    <site>Local</site>
    <useHttps>false</useHttps>
    <allowVariables>true</allowVariables>
  </server>
 
  <server>
    <id>lab9420http</id>
    <hostname>localhost</hostname>
    <port>9420</port>
    <usage>Lab1</usage>
    <user>$CIS_USERNAME</user>
    <encryptedpassword>$CIS_PASSWORD</encryptedpassword>
    <domain>$CIS_DOMAIN</domain>
    <cishome>D:\CompositeSoftware\CIS7.0.0</cishome>
    <clustername></clustername>
    <site>Local</site>
    <useHttps>false</useHttps>
    <allowVariables>true</allowVariables>
  </server>

</servers>
