<?xml version="1.0"?>
<!--
######################################################################
# (c) 2014 Cisco and/or its affiliates. All rights reserved.
# 
# This software is released under the Eclipse Public License. The details can be found in the file LICENSE. 
# Any dependent libraries supplied by third parties are provided under their own open source licenses as 
# described in their own LICENSE files, generally named .LICENSE.txt. The libraries supplied by Cisco as 
# part of the Composite Information Server/Cisco Data Virtualization Server, particularly csadmin-XXXX.jar, 
# csarchive-XXXX.jar, csbase-XXXX.jar, csclient-XXXX.jar, cscommon-XXXX.jar, csext-XXXX.jar, csjdbc-XXXX.jar, 
# csserverutil-XXXX.jar, csserver-XXXX.jar, cswebapi-XXXX.jar, and customproc-XXXX.jar (where -XXXX is an 
# optional version number) are provided as a convenience, but are covered under the licensing for the 
# Composite Information Server/Cisco Data Virtualization Server. They cannot be used in any way except 
# through a valid license for that product.
# 
# This software is released AS-IS!. Support for this software is not covered by standard maintenance agreements with Cisco. 
# Any support for this software by Cisco would be covered by paid consulting agreements, and would be billable work.
# 
######################################################################
-->
<p1:RebindModule xmlns:p1="http://www.dvbu.cisco.com/ps/deploytool/modules">
    <rebind>
		<!-- Rebind an individual resource of any type and apply one or more rebind rules provided.  Both the from resource and to resource must exist. -->
        <rebindResource>
            <id>rb1</id>
            <resourcePath>/shared/test00/Rebind/RebindResource/Procedures/getCustomerById</resourcePath>
            <resourceType>PROCEDURE</resourceType>
            <rebindRules>
                <oldPath>/shared/test00/DataSources/ds_orders/$CIS_CATALOG$customers</oldPath>
                <oldType>TABLE</oldType>
                <newPath>/shared/test00/DataSourcesCopy/ds_orders/$CIS_CATALOG$customers</newPath>
                <newType>TABLE</newType>
            </rebindRules>
        </rebindResource>
    </rebind>
    <rebind>
        <rebindResource>
            <id>rb2</id>
            <resourcePath>/shared/test00/Rebind/RebindResource/Views/Customers</resourcePath>
            <resourceType>TABLE</resourceType>
            <rebindRules>
                <oldPath>/shared/test00/DataSources/ds_orders/$CIS_CATALOG$customers</oldPath>
                <oldType>TABLE</oldType>
                <newPath>/shared/test00/DataSourcesCopy/ds_orders/$CIS_CATALOG$customers</newPath>
                <newType>TABLE</newType>
            </rebindRules>
        </rebindResource>
    </rebind> 
    <rebind>
        <rebindResource>
            <id>rb3</id>
            <resourcePath>/shared/test00/Rebind/RebindResource/Procedures/packagedCustomerQuery</resourcePath>
            <resourceType>PROCEDURE</resourceType>
            <rebindRules>
                <oldPath>/shared/test00/DataSources/ds_orders</oldPath>
                <oldType>DATA_SOURCE</oldType>
                <newPath>/shared/test00/DataSourcesCopy/ds_orders</newPath>
                <newType>DATA_SOURCE</newType>
            </rebindRules>
        </rebindResource>
    </rebind>	
    <rebind>
        <rebindResource>
            <id>rb4</id>
            <resourcePath>/shared/test00/Rebind/RebindResource/Procedures/streamingXSLT</resourcePath>
            <resourceType>PROCEDURE</resourceType>
            <rebindRules>
                <oldPath>/shared/test00/DataSources/ServerAttributeDefinitions/getServerAttributeDefinitionModule.xml</oldPath>
                <oldType>TREE</oldType>
                <newPath>/shared/test00/DataSourcesCopy/ServerAttributeDefinitions/getServerAttributeDefinitionModule.xml</newPath>
                <newType>TREE</newType>
            </rebindRules>
        </rebindResource>
    </rebind>	
	<rebind>
		<!-- Rebind all views in a starting folder that match the rebindFromFolder and rebind to the rebindToFolder -->
        <rebindFolder>
            <id>rf1</id>
            <startingFolderPath>/shared/test00/Rebind/RebindFolder/Procedures</startingFolderPath>
            <rebindFromFolder>/shared/test00/DataSources/ds_orders/$CIS_CATALOG$</rebindFromFolder>
            <rebindToFolder>/shared/test00/DataSourcesCopy/ds_orders/$CIS_CATALOG$</rebindToFolder>
        </rebindFolder>
    </rebind>
    <rebind>
		<!-- Rebind all sql script procedures in a starting folder that match the rebindFromFolder and rebind to the rebindToFolder -->
       <rebindFolder>
            <id>rf2</id>
            <startingFolderPath>/shared/test00/Rebind/RebindFolder/Views</startingFolderPath>
            <rebindFromFolder>/shared/test00/DataSources/ds_orders/$CIS_CATALOG$</rebindFromFolder>
            <rebindToFolder>/shared/test00/DataSourcesCopy/ds_orders/$CIS_CATALOG$</rebindToFolder>
        </rebindFolder>
    </rebind>
    <rebind>
		<!-- Rebind all xslt procedures in a starting folder that match the rebindFromFolder and rebind to the rebindToFolder -->
       <rebindFolder>
            <id>rf3</id>
            <startingFolderPath>/shared/test00/Rebind/RebindFolder/XSLTProcedures</startingFolderPath>
            <rebindFromFolder>/shared/test00/DataSources/ServerAttributeDefinitions</rebindFromFolder>
            <rebindToFolder>/shared/test00/DataSourcesCopy/ServerAttributeDefinitions</rebindToFolder>
        </rebindFolder>
    </rebind>
   <rebind>
		<!-- Rebind all views in a starting folder that match the rebindFromFolder and rebind to the rebindToFolder -->
        <rebindFolder>
            <id>rf4</id>
            <startingFolderPath>/shared/test00/Rebind/RebindFolder/Procedures</startingFolderPath>
            <rebindFromFolder>/shared/test00/DataSources/ds_orders</rebindFromFolder>
            <rebindToFolder>/shared/test00/DataSourcesCopy/ds_orders</rebindToFolder>
        </rebindFolder>
    </rebind>
	
</p1:RebindModule>
