<?xml version="1.0" encoding="UTF-8" standalone="yes"?>
<!--
######################################################################
# (c) 2014 Cisco and/or its affiliates. All rights reserved.
# 
# This software is released under the Eclipse Public License. The details can be found in the file LICENSE. 
# Any dependent libraries supplied by third parties are provided under their own open source licenses as 
# described in their own LICENSE files, generally named .LICENSE.txt. The libraries supplied by Cisco as 
# part of the Composite Information Server/Cisco Data Virtualization Server, particularly csadmin-XXXX.jar, 
# csarchive-XXXX.jar, csbase-XXXX.jar, csclient-XXXX.jar, cscommon-XXXX.jar, csext-XXXX.jar, csjdbc-XXXX.jar, 
# csserverutil-XXXX.jar, csserver-XXXX.jar, cswebapi-XXXX.jar, and customproc-XXXX.jar (where -XXXX is an 
# optional version number) are provided as a convenience, but are covered under the licensing for the 
# Composite Information Server/Cisco Data Virtualization Server. They cannot be used in any way except 
# through a valid license for that product.
# 
# This software is released AS-IS!. Support for this software is not covered by standard maintenance agreements with Cisco. 
# Any support for this software by Cisco would be covered by paid consulting agreements, and would be billable work.
# 
######################################################################
-->
<ns2:TriggerModule xmlns:ns2="http://www.dvbu.cisco.com/ps/deploytool/modules">
    <triggerList>
        <trigger>
            <id>TR-1</id>
            <resourcePath>/shared/test00/CisResources/my_trigger_1</resourcePath>
            <isEnabled>false</isEnabled>
            <maxEventsQueued>1</maxEventsQueued>
            <condition>
                <timerEvent>
                    <scheduleId>TR-1-SCH-1</scheduleId>
                </timerEvent>
            </condition>
            <action>
                <executeProcedure>
                    <resourcePath>/shared/test00/CisResources/my_proc_1</resourcePath>
                    <parameterValues></parameterValues>
                </executeProcedure>
            </action>
        </trigger>
        <trigger>
            <id>TR-2</id>
            <resourcePath>/shared/test00/ResourceTrigger/trigger1</resourcePath>
            <isEnabled>true</isEnabled>
            <maxEventsQueued>1</maxEventsQueued>
            <annotation>trigger 1 annotation</annotation>
            <condition>
                <timerEvent>
                    <scheduleId>TR-2-SCH-2</scheduleId>
                </timerEvent>
            </condition>
            <action>
                <executeProcedure>
                    <resourcePath>/shared/test00/ResourceTrigger/proc 1</resourcePath>
                    <parameterValues>13421234.34,23243,2011-02-02,8.710345879797E8,8098709.23454,2011-02-02 12:10:59.102,'this, is a different string'</parameterValues>
                </executeProcedure>
            </action>
        </trigger>
        <trigger>
            <id>TR-3</id>
            <resourcePath>/shared/test00/ResourceTrigger/trigger2</resourcePath>
            <isEnabled>false</isEnabled>
            <maxEventsQueued>2</maxEventsQueued>
            <annotation>trigger 2 annotation</annotation>
            <condition>
                <timerEvent>
                    <scheduleId>TR-3-SCH-3</scheduleId>
                </timerEvent>
            </condition>
            <action>
                <sendEmail>
                    <resourcePath>/shared/test00/ResourceTrigger/proc 2</resourcePath>
                    <parameterValues></parameterValues>
                    <emailTo>user@mailhost.com</emailTo>
                    <emailCC></emailCC>
                    <emailBCC></emailBCC>
                    <emailReplyTo></emailReplyTo>
                    <emailSubject></emailSubject>
                    <emailBody></emailBody>
                    <skipIfNoResults>true</skipIfNoResults>
                    <includeSummary>false</includeSummary>
                </sendEmail>
            </action>
        </trigger>
        <trigger>
            <id>TR-4</id>
            <resourcePath>/shared/test00/ResourceTrigger/trigger3</resourcePath>
            <isEnabled>false</isEnabled>
            <maxEventsQueued>1</maxEventsQueued>
            <annotation>trigger 3 annotation</annotation>
            <condition>
                <jmsEvent>
                    <connector>JmsConnector</connector>
                    <destination>JmsDestination</destination>
                    <selector>JmsSelector</selector>
                </jmsEvent>
            </condition>
            <action>
                <reintrospectDatasource>
                    <resourcePath>/shared/test00/DataSources/ds_orders</resourcePath>
                    <emailTo>to@mailhost.com</emailTo>
                    <emailCC></emailCC>
                    <emailBCC></emailBCC>
                    <emailReplyTo></emailReplyTo>
                    <emailSubject></emailSubject>
                    <emailBody></emailBody>
                    <skipIfNoResults>false</skipIfNoResults>
                    <noCommit>true</noCommit>
                </reintrospectDatasource>
            </action>
        </trigger>
        <trigger>
            <id>TR-5</id>
            <resourcePath>/shared/test00/ResourceTrigger/trigger4</resourcePath>
            <isEnabled>false</isEnabled>
            <maxEventsQueued>1</maxEventsQueued>
            <annotation>trigger 4 annotation</annotation>
            <condition>
                <userDefinedEvent>
                    <eventName>USER_DEFINED_EVENT1</eventName>
                </userDefinedEvent>
            </condition>
            <action>
                <gatherStatistics>
                    <resourcePath>/shared/test00/DataSourcesCopy/ds_orders</resourcePath>
                </gatherStatistics>
            </action>
        </trigger>
        <trigger>
            <id>TR-6</id>
            <resourcePath>/shared/test00/ResourceTrigger/trigger5.01</resourcePath>
            <isEnabled>false</isEnabled>
            <maxEventsQueued>1</maxEventsQueued>
            <condition>
                <systemEvent>
                    <eventName>CacheRefreshFailure</eventName>
                </systemEvent>
            </condition>
            <action>
                <executeProcedure>
                    <resourcePath>/shared/test00/ResourceTrigger/proc 2</resourcePath>
                    <parameterValues></parameterValues>
                </executeProcedure>
            </action>
        </trigger>
        <trigger>
            <id>TR-7</id>
            <resourcePath>/shared/test00/ResourceTrigger/trigger5.02</resourcePath>
            <isEnabled>false</isEnabled>
            <maxEventsQueued>1</maxEventsQueued>
            <condition>
                <systemEvent>
                    <eventName>CacheRefreshSuccess</eventName>
                </systemEvent>
            </condition>
            <action>
                <executeProcedure>
                    <resourcePath>/shared/test00/ResourceTrigger/proc 2</resourcePath>
                    <parameterValues></parameterValues>
                </executeProcedure>
            </action>
        </trigger>
        <trigger>
            <id>TR-8</id>
            <resourcePath>/shared/test00/ResourceTrigger/trigger5.03</resourcePath>
            <isEnabled>false</isEnabled>
            <maxEventsQueued>1</maxEventsQueued>
            <condition>
                <systemEvent>
                    <eventName>DataSourceDown</eventName>
                </systemEvent>
            </condition>
            <action>
                <executeProcedure>
                    <resourcePath>/shared/test00/ResourceTrigger/proc 2</resourcePath>
                    <parameterValues></parameterValues>
                </executeProcedure>
            </action>
        </trigger>
        <trigger>
            <id>TR-9</id>
            <resourcePath>/shared/test00/ResourceTrigger/trigger5.04</resourcePath>
            <isEnabled>false</isEnabled>
            <maxEventsQueued>1</maxEventsQueued>
            <condition>
                <systemEvent>
                    <eventName>DataSourceUp</eventName>
                </systemEvent>
            </condition>
            <action>
                <executeProcedure>
                    <resourcePath>/shared/test00/ResourceTrigger/proc 2</resourcePath>
                    <parameterValues></parameterValues>
                </executeProcedure>
            </action>
        </trigger>
        <trigger>
            <id>TR-10</id>
            <resourcePath>/shared/test00/ResourceTrigger/trigger5.05</resourcePath>
            <isEnabled>false</isEnabled>
            <maxEventsQueued>1</maxEventsQueued>
            <condition>
                <systemEvent>
                    <eventName>RequestFailure</eventName>
                </systemEvent>
            </condition>
            <action>
                <executeProcedure>
                    <resourcePath>/shared/test00/ResourceTrigger/proc 2</resourcePath>
                    <parameterValues></parameterValues>
                </executeProcedure>
            </action>
        </trigger>
        <trigger>
            <id>TR-11</id>
            <resourcePath>/shared/test00/ResourceTrigger/trigger5.06</resourcePath>
            <isEnabled>false</isEnabled>
            <maxEventsQueued>1</maxEventsQueued>
            <condition>
                <systemEvent>
                    <eventName>RequestInactive</eventName>
                </systemEvent>
            </condition>
            <action>
                <executeProcedure>
                    <resourcePath>/shared/test00/ResourceTrigger/proc 2</resourcePath>
                    <parameterValues></parameterValues>
                </executeProcedure>
            </action>
        </trigger>
        <trigger>
            <id>TR-12</id>
            <resourcePath>/shared/test00/ResourceTrigger/trigger5.07</resourcePath>
            <isEnabled>false</isEnabled>
            <maxEventsQueued>1</maxEventsQueued>
            <condition>
                <systemEvent>
                    <eventName>RequestRunForTooLong</eventName>
                </systemEvent>
            </condition>
            <action>
                <executeProcedure>
                    <resourcePath>/shared/test00/ResourceTrigger/proc 2</resourcePath>
                    <parameterValues></parameterValues>
                </executeProcedure>
            </action>
        </trigger>
        <trigger>
            <id>TR-13</id>
            <resourcePath>/shared/test00/ResourceTrigger/trigger5.08</resourcePath>
            <isEnabled>false</isEnabled>
            <maxEventsQueued>1</maxEventsQueued>
            <condition>
                <systemEvent>
                    <eventName>ResourceLock</eventName>
                </systemEvent>
            </condition>
            <action>
                <executeProcedure>
                    <resourcePath>/shared/test00/ResourceTrigger/proc 2</resourcePath>
                    <parameterValues></parameterValues>
                </executeProcedure>
            </action>
        </trigger>
        <trigger>
            <id>TR-14</id>
            <resourcePath>/shared/test00/ResourceTrigger/trigger5.09</resourcePath>
            <isEnabled>false</isEnabled>
            <maxEventsQueued>1</maxEventsQueued>
            <condition>
                <systemEvent>
                    <eventName>ResourceUnlock</eventName>
                </systemEvent>
            </condition>
            <action>
                <executeProcedure>
                    <resourcePath>/shared/test00/ResourceTrigger/proc 2</resourcePath>
                    <parameterValues></parameterValues>
                </executeProcedure>
            </action>
        </trigger>
        <trigger>
            <id>TR-15</id>
            <resourcePath>/shared/test00/ResourceTrigger/trigger5.10</resourcePath>
            <isEnabled>false</isEnabled>
            <maxEventsQueued>1</maxEventsQueued>
            <condition>
                <systemEvent>
                    <eventName>RequestsSpike</eventName>
                </systemEvent>
            </condition>
            <action>
                <executeProcedure>
                    <resourcePath>/shared/test00/ResourceTrigger/proc 2</resourcePath>
                    <parameterValues></parameterValues>
                </executeProcedure>
            </action>
        </trigger>
        <trigger>
            <id>TR-16</id>
            <resourcePath>/shared/test00/ResourceTrigger/trigger5.11</resourcePath>
            <isEnabled>false</isEnabled>
            <maxEventsQueued>1</maxEventsQueued>
            <condition>
                <systemEvent>
                    <eventName>ErrorsSpike</eventName>
                </systemEvent>
            </condition>
            <action>
                <executeProcedure>
                    <resourcePath>/shared/test00/ResourceTrigger/proc 2</resourcePath>
                    <parameterValues></parameterValues>
                </executeProcedure>
            </action>
        </trigger>
        <trigger>
            <id>TR-17</id>
            <resourcePath>/shared/test00/ResourceTrigger/trigger5.12</resourcePath>
            <isEnabled>false</isEnabled>
            <maxEventsQueued>1</maxEventsQueued>
            <condition>
                <systemEvent>
                    <eventName>FailedLoginSpike</eventName>
                </systemEvent>
            </condition>
            <action>
                <executeProcedure>
                    <resourcePath>/shared/test00/ResourceTrigger/proc 2</resourcePath>
                    <parameterValues></parameterValues>
                </executeProcedure>
            </action>
        </trigger>
        <trigger>
            <id>TR-18</id>
            <resourcePath>/shared/test00/ResourceTrigger/trigger5.13</resourcePath>
            <isEnabled>false</isEnabled>
            <maxEventsQueued>1</maxEventsQueued>
            <condition>
                <systemEvent>
                    <eventName>StatisticsGatheringFailure</eventName>
                </systemEvent>
            </condition>
            <action>
                <executeProcedure>
                    <resourcePath>/shared/test00/ResourceTrigger/proc 2</resourcePath>
                    <parameterValues></parameterValues>
                </executeProcedure>
            </action>
        </trigger>
        <trigger>
            <id>TR-19</id>
            <resourcePath>/shared/test00/ResourceTrigger/trigger5.14</resourcePath>
            <isEnabled>false</isEnabled>
            <maxEventsQueued>1</maxEventsQueued>
            <condition>
                <systemEvent>
                    <eventName>ServerStart</eventName>
                </systemEvent>
            </condition>
            <action>
                <executeProcedure>
                    <resourcePath>/shared/test00/ResourceTrigger/proc 2</resourcePath>
                    <parameterValues></parameterValues>
                </executeProcedure>
            </action>
        </trigger>
        <trigger>
            <id>TR-20</id>
            <resourcePath>/shared/test00/ResourceTrigger/trigger5.15</resourcePath>
            <isEnabled>false</isEnabled>
            <maxEventsQueued>1</maxEventsQueued>
            <condition>
                <systemEvent>
                    <eventName>ServerStop</eventName>
                </systemEvent>
            </condition>
            <action>
                <executeProcedure>
                    <resourcePath>/shared/test00/ResourceTrigger/proc 2</resourcePath>
                    <parameterValues></parameterValues>
                </executeProcedure>
            </action>
        </trigger>
        <trigger>
            <id>TR-21</id>
            <resourcePath>/shared/test00/ResourceTrigger/trigger5.16</resourcePath>
            <isEnabled>false</isEnabled>
            <maxEventsQueued>1</maxEventsQueued>
            <condition>
                <systemEvent>
                    <eventName>TransactionFailure</eventName>
                </systemEvent>
            </condition>
            <action>
                <executeProcedure>
                    <resourcePath>/shared/test00/ResourceTrigger/proc 2</resourcePath>
                    <parameterValues></parameterValues>
                </executeProcedure>
            </action>
        </trigger>
    </triggerList>
    <scheduleList>
        <schedule>
            <scheduleId>TR-1-SCH-1</scheduleId>
            <mode>PERIODIC</mode>
            <startTime>2011-04-08T11:09:15.000Z</startTime>
            <period>WEEK</period>
            <count>1</count>
            <fromTimeInADay>420</fromTimeInADay>
            <endTimeInADay>480</endTimeInADay>
            <recurringDay>1</recurringDay>
            <isCluster>true</isCluster>
        </schedule>
        <schedule>
            <scheduleId>TR-2-SCH-2</scheduleId>
            <mode>NONE</mode>
            <fromTimeInADay>-1</fromTimeInADay>
            <endTimeInADay>-1</endTimeInADay>
            <recurringDay>-1</recurringDay>
            <isCluster>true</isCluster>
        </schedule>
        <schedule>
            <scheduleId>TR-3-SCH-3</scheduleId>
            <mode>PERIODIC</mode>
            <startTime>2011-06-01T15:55:37.000Z</startTime>
            <period>HOUR</period>
            <count>1</count>
            <fromTimeInADay>1200</fromTimeInADay>
            <endTimeInADay>1380</endTimeInADay>
            <recurringDay>2</recurringDay>
            <isCluster>true</isCluster>
        </schedule>
    </scheduleList>
</ns2:TriggerModule>
