<?xml version="1.0" encoding="UTF-8"?>
<!--
	For passwords use the following XML Escape characters within the encryptedpassword field:
			"   &quot;
			'   &apos;
			<   &lt;
			>   &gt;
			&   &amp;
		Example:  <encryptedpassword>Pass &quot; &apos; &lt; &gt; &amp; word</encryptedpassword>
-->
<servers>
  <!-- CIS 7.0.1 Server -->
  <server>
    <id>DEV1_9400http</id>
    <hostname>localhost</hostname>
    <port>9400</port>
    <usage>DEV1</usage>
    <user>$CIS_USERNAME</user>
    <encryptedpassword>$CIS_PASSWORD</encryptedpassword>
    <domain>$CIS_DOMAIN</domain>
    <cishome>/CompositeSoftware/CIS7.0.0</cishome>
    <clustername />
    <site>Local</site>
    <useHttps>false</useHttps>
    <allowVariables>true</allowVariables>
  </server>
  <server>
    <id>UAT1_9400http</id>
    <hostname>localhost</hostname>
    <port>9400</port>
    <usage>UAT1</usage>
    <user>$CIS_USERNAME</user>
    <encryptedpassword>$CIS_PASSWORD</encryptedpassword>
    <domain>$CIS_DOMAIN</domain>
    <cishome>/CompositeSoftware/CIS7.0.0</cishome>
    <clustername />
    <site>Local</site>
    <useHttps>false</useHttps>
    <allowVariables>true</allowVariables>
  </server>
  <server>
    <id>PROD1_9400http</id>
    <hostname>localhost</hostname>
    <port>9400</port>
    <usage>PROD1</usage>
    <user>$CIS_USERNAME</user>
    <encryptedpassword>$CIS_PASSWORD</encryptedpassword>
    <domain>$CIS_DOMAIN</domain>
    <cishome>/CompositeSoftware/CIS7.0.0</cishome>
    <clustername />
    <site>Local</site>
    <useHttps>false</useHttps>
    <allowVariables>true</allowVariables>
  </server>
  <server>
    <id>localhost9400http</id>
    <hostname>localhost</hostname>
    <port>9400</port>
    <usage>localhost</usage>
    <user>$CIS_USERNAME</user>
    <encryptedpassword>$CIS_PASSWORD</encryptedpassword>
    <domain>$CIS_DOMAIN</domain>
    <cishome>D:\CompositeSoftware\CIS7.0.0</cishome>
    <clustername />
    <site>Local</site>
    <useHttps>false</useHttps>
    <allowVariables>true</allowVariables>
  </server>
  <server>
    <id>localhost9400https</id>
    <hostname>localhost</hostname>
    <port>9400</port>
    <usage>localhost</usage>
    <user>$CIS_USERNAME</user>
    <encryptedpassword>$CIS_PASSWORD</encryptedpassword>
    <domain>$CIS_DOMAIN</domain>
    <cishome>D:\CompositeSoftware\CIS7.0.0</cishome>
    <clustername />
    <site>Local</site>
    <useHttps>true</useHttps>
    <allowVariables>true</allowVariables>
  </server>
  <server>
    <id>localhost9420http</id>
    <hostname>localhost</hostname>
    <port>9420</port>
    <usage>localhost</usage>
    <user>$CIS_USERNAME</user>
    <encryptedpassword>$CIS_PASSWORD</encryptedpassword>
    <domain>$CIS_DOMAIN</domain>
    <cishome>D:\CompositeSoftware\CIS7.0.0</cishome>
    <clustername />
    <site>Local</site>
    <useHttps>false</useHttps>
    <allowVariables>true</allowVariables>
  </server>
  <server>
    <id>lab9420http</id>
    <hostname>localhost</hostname>
    <port>9420</port>
    <usage>Lab1</usage>
    <user>$CIS_USERNAME</user>
    <encryptedpassword>$CIS_PASSWORD</encryptedpassword>
    <domain>$CIS_DOMAIN</domain>
    <cishome>D:\CompositeSoftware\CIS7.0.0</cishome>
    <clustername />
    <site>Local</site>
    <useHttps>false</useHttps>
    <allowVariables>true</allowVariables>
  </server>
</servers>

