<?xml version="1.0" encoding="UTF-8" standalone="yes"?>
<!--
######################################################################
# (c) 2014 Cisco and/or its affiliates. All rights reserved.
# 
# This software is released under the Eclipse Public License. The details can be found in the file LICENSE. 
# Any dependent libraries supplied by third parties are provided under their own open source licenses as 
# described in their own LICENSE files, generally named .LICENSE.txt. The libraries supplied by Cisco as 
# part of the Composite Information Server/Cisco Data Virtualization Server, particularly csadmin-XXXX.jar, 
# csarchive-XXXX.jar, csbase-XXXX.jar, csclient-XXXX.jar, cscommon-XXXX.jar, csext-XXXX.jar, csjdbc-XXXX.jar, 
# csserverutil-XXXX.jar, csserver-XXXX.jar, cswebapi-XXXX.jar, and customproc-XXXX.jar (where -XXXX is an 
# optional version number) are provided as a convenience, but are covered under the licensing for the 
# Composite Information Server/Cisco Data Virtualization Server. They cannot be used in any way except 
# through a valid license for that product.
# 
# This software is released AS-IS!. Support for this software is not covered by standard maintenance agreements with Cisco. 
# Any support for this software by Cisco would be covered by paid consulting agreements, and would be billable work.
# 
######################################################################
-->
<ns2:ResourceCacheModule xmlns:ns2="http://www.dvbu.cisco.com/ps/deploytool/modules">
    <resourceCache>
        <id>cache1</id>
        <resourcePath>/shared/test00/DataSources/ds_orders/$CIS_CATALOG$orders</resourcePath>
        <resourceType>TABLE</resourceType>
        <cacheConfig>
            <configured>true</configured>
            <enabled>true</enabled>
            <storage>
                <mode>AUTOMATIC</mode>
            </storage>
            <refresh>
                <mode>SCHEDULED</mode>
                <schedule>
                    <startTime>2011-06-10T17:43:53.000Z</startTime>
                    <refreshPeriod>
                        <period>DAY</period>
                        <count>2</count>
                    </refreshPeriod>
                </schedule>
            </refresh>
            <expirationPeriod>
                <period>SECOND</period>
                <count>0</count>
            </expirationPeriod>
            <clearRule>NONE</clearRule>
        </cacheConfig>
    </resourceCache>
    <resourceCache>
        <id>cache2</id>
        <resourcePath>/shared/test00/ResourceCache/customer_cache</resourcePath>
        <resourceType>TABLE</resourceType>
        <cacheConfig>
            <configured>true</configured>
            <enabled>true</enabled>
            <storage>
                <mode>AUTOMATIC</mode>
            </storage>
            <refresh>
                <mode>SCHEDULED</mode>
                <schedule>
                    <startTime>2011-06-09T11:50:47.000Z</startTime>
                    <refreshPeriod>
                        <period>SECOND</period>
                        <count>2000000</count>
                    </refreshPeriod>
                </schedule>
            </refresh>
            <expirationPeriod>
                <period>SECOND</period>
                <count>2000</count>
            </expirationPeriod>
            <clearRule>NONE</clearRule>
        </cacheConfig>
    </resourceCache>
    <resourceCache>
        <id>cache3</id>
        <resourcePath>/shared/test00/ResourceCache/testCacheProc</resourcePath>
        <resourceType>PROCEDURE</resourceType>
        <cacheConfig>
            <configured>true</configured>
            <enabled>true</enabled>
            <storage>
                <mode>AUTOMATIC</mode>
            </storage>
            <refresh>
                <mode>SCHEDULED</mode>
                <schedule>
                    <startTime>2011-06-12T11:50:21.000Z</startTime>
                    <refreshPeriod>
                        <period>MONTH</period>
                        <count>1</count>
                    </refreshPeriod>
                </schedule>
            </refresh>
            <expirationPeriod>
                <period>SECOND</period>
                <count>5001</count>
            </expirationPeriod>
            <clearRule>NONE</clearRule>
        </cacheConfig>
    </resourceCache>
    <resourceCache>
        <id>cache4</id>
        <resourcePath>/shared/test00/ResourceCache/testCacheView</resourcePath>
        <resourceType>TABLE</resourceType>
        <cacheConfig>
            <configured>true</configured>
            <enabled>true</enabled>
            <storage>
                <mode>AUTOMATIC</mode>
            </storage>
            <refresh>
                <mode>SCHEDULED</mode>
                <schedule>
                    <startTime>2011-03-20T09:26:05.000Z</startTime>
                    <refreshPeriod>
                        <period>WEEK</period>
                        <count>2</count>
                    </refreshPeriod>
                </schedule>
            </refresh>
            <expirationPeriod>
                <period>SECOND</period>
                <count>0</count>
            </expirationPeriod>
            <clearRule>ON_LOAD</clearRule>
        </cacheConfig>
    </resourceCache>
    <resourceCache>
        <id>cache_disable_single</id>
        <resourcePath>/shared/test00/ResourceCache/testCacheView</resourcePath>
        <resourceType>TABLE</resourceType>
        <cacheConfig>
            <enabled>false</enabled>
        </cacheConfig>
    </resourceCache>
   <resourceCache>
        <id>cache_enable_single</id>
        <resourcePath>/shared/test00/ResourceCache/testCacheView</resourcePath>
        <resourceType>TABLE</resourceType>
        <cacheConfig>
            <enabled>true</enabled>
        </cacheConfig>
    </resourceCache>
    <resourceCache>
        <id>cache_enable_all</id>
        <resourcePath>/shared/test00</resourcePath>
        <resourceType>CONTAINER</resourceType>
        <cacheConfig>
            <enabled>true</enabled>
        </cacheConfig>
    </resourceCache>
    <resourceCache>
        <id>cache_disable_all</id>
        <resourcePath>/shared/test00</resourcePath>
        <resourceType>CONTAINER</resourceType>
        <cacheConfig>
            <enabled>false</enabled>
        </cacheConfig>
    </resourceCache>
</ns2:ResourceCacheModule>
