<?xml version="1.0" encoding="UTF-8" standalone="yes"?>
<!--
######################################################################
# (c) 2014 Cisco and/or its affiliates. All rights reserved.
# 
# This software is released under the Eclipse Public License. The details can be found in the file LICENSE. 
# Any dependent libraries supplied by third parties are provided under their own open source licenses as 
# described in their own LICENSE files, generally named .LICENSE.txt. The libraries supplied by Cisco as 
# part of the Composite Information Server/Cisco Data Virtualization Server, particularly csadmin-XXXX.jar, 
# csarchive-XXXX.jar, csbase-XXXX.jar, csclient-XXXX.jar, cscommon-XXXX.jar, csext-XXXX.jar, csjdbc-XXXX.jar, 
# csserverutil-XXXX.jar, csserver-XXXX.jar, cswebapi-XXXX.jar, and customproc-XXXX.jar (where -XXXX is an 
# optional version number) are provided as a convenience, but are covered under the licensing for the 
# Composite Information Server/Cisco Data Virtualization Server. They cannot be used in any way except 
# through a valid license for that product.
# 
# This software is released AS-IS!. Support for this software is not covered by standard maintenance agreements with Cisco. 
# Any support for this software by Cisco would be covered by paid consulting agreements, and would be billable work.
# 
######################################################################
-->
<ns2:ServerAttributeModule xmlns:ns2="http://www.dvbu.cisco.com/ps/deploytool/modules">
    <serverAttribute>
        <id>server7</id>
        <name>/monitor/server/connection/secondaryHosts</name>
        <type>STRING_ARRAY</type>
        <valueArray>
            <item>localhost</item>
            <item>host2</item>			
        </valueArray>
    </serverAttribute>
    <serverAttribute>
        <id>server8</id>
        <name>/monitor/server/connection/secondaryPorts</name>
        <type>INT_ARRAY</type>
        <valueArray>
            <item>9400</item>
            <item>9410</item>			
        </valueArray>
    </serverAttribute>
    <serverAttribute>
        <id>server9</id>
        <name>/server/api/protocol/supportedProtocolVersions</name>
        <type>STRING_ARRAY</type>
        <valueArray>
            <item>5.0</item>
            <item>4.0</item>
            <item>3.1</item>
            <item>3.0</item>
            <item>2.0</item>
            <item>1.2</item>
            <item>1.1</item>
            <item>1.0</item>
        </valueArray>
    </serverAttribute>	
	
	<serverAttribute>
        <id>server57</id>
        <name>/server/config/email/messageFromAddress</name>
        <type>STRING</type>
        <value>user1@compositesw.com</value>
    </serverAttribute>
    <serverAttribute>
        <id>server58</id>
        <name>/server/config/email/smtpAuthRequired</name>
        <type>BOOLEAN</type>
        <value>false</value>
    </serverAttribute>
    <serverAttribute>
        <id>server59</id>
        <name>/server/config/email/smtpAuthUserName</name>
        <type>STRING</type>
        <value>user1</value>
    </serverAttribute>
    <serverAttribute>
        <id>server60</id>
        <name>/server/config/email/smtpAuthUserPassword</name>
        <type>PASSWORD_STRING</type>
        <value>password</value>
    </serverAttribute>
    <serverAttribute>
        <id>server61</id>
        <name>/server/config/email/smtpHost</name>
        <type>STRING</type>
        <value>myhost.compositesw.com</value>
    </serverAttribute>
    <serverAttribute>
        <id>server62</id>
        <name>/server/config/email/smtpPort</name>
        <type>INTEGER</type>
        <value>25</value>
    </serverAttribute>

    <serverAttribute>
        <id>server146</id>
        <name>/server/config/security/authentication/IPFiltering/Forbidden</name>
        <type>LIST</type>
        <valueList>
            <item>
                <type>STRING</type>
                <value>192.1.1.1</value>
            </item>
            <item>
                <type>STRING</type>
                <value>192.1.1.2</value>
            </item>
        </valueList>
    </serverAttribute>
	
    <serverAttribute>
        <id>server166</id>
        <name>/server/config/security/filesystem/RootAthzMapping</name>
        <type>MAP</type>
        <valueMap>
            <entry>
                <key>
                    <type>STRING</type>
                    <value>TEMP_GROUP3</value>
                </key>
                <value>
                    <type>STRING</type>
                    <value>group3</value>
                </value>
            </entry>
        </valueMap>
    </serverAttribute>
    <serverAttribute>
        <id>server167</id>
        <name>/server/config/security/filesystem/RootNameMapping</name>
        <type>MAP</type>
        <valueMap>
            <entry>
                <key>
                    <type>STRING</type>
                    <value>TEMP_GROUP3</value>
                </key>
                <value>
                    <type>STRING</type>
                    <value>/TEMP</value>
                </value>
            </entry>
        </valueMap>
    </serverAttribute>

    <serverAttribute>
        <id>server166-clear</id>
        <name>/server/config/security/filesystem/RootAthzMapping</name>
        <type>MAP</type>
        <valueMap/>
    </serverAttribute>
    <serverAttribute>
        <id>server167-clear</id>
        <name>/server/config/security/filesystem/RootNameMapping</name>
        <type>MAP</type>
        <valueMap/>
    </serverAttribute>
	

    <serverAttribute>
        <id>studio4</id>
        <name>/studio/data/rowFetchSize</name>
        <type>INTEGER</type>
        <value>1000</value>
    </serverAttribute>
    <serverAttribute>
        <id>studio5</id>
        <name>/studio/data/xmlTextLimit</name>
        <type>INTEGER</type>
        <value>100000</value>
    </serverAttribute>
    <serverAttribute>
        <id>studio6</id>
        <name>/studio/lock/enabled</name>
        <type>BOOLEAN</type>
        <value>false</value>
    </serverAttribute>	
</ns2:ServerAttributeModule>
