<?xml version="1.0" encoding="UTF-8"?>
<!--
######################################################################
# (c) 2014 Cisco and/or its affiliates. All rights reserved.
# 
# This software is released under the Eclipse Public License. The details can be found in the file LICENSE. 
# Any dependent libraries supplied by third parties are provided under their own open source licenses as 
# described in their own LICENSE files, generally named .LICENSE.txt. The libraries supplied by Cisco as 
# part of the Composite Information Server/Cisco Data Virtualization Server, particularly csadmin-XXXX.jar, 
# csarchive-XXXX.jar, csbase-XXXX.jar, csclient-XXXX.jar, cscommon-XXXX.jar, csext-XXXX.jar, csjdbc-XXXX.jar, 
# csserverutil-XXXX.jar, csserver-XXXX.jar, cswebapi-XXXX.jar, and customproc-XXXX.jar (where -XXXX is an 
# optional version number) are provided as a convenience, but are covered under the licensing for the 
# Composite Information Server/Cisco Data Virtualization Server. They cannot be used in any way except 
# through a valid license for that product.
# 
# This software is released AS-IS!. Support for this software is not covered by standard maintenance agreements with Cisco. 
# Any support for this software by Cisco would be covered by paid consulting agreements, and would be billable work.
# 
######################################################################
-->
<p1:VCSModule xmlns:p1="http://www.dvbu.cisco.com/ps/deploytool/modules">
  <vcsConnections>
  
	<!-- SUBVERSION EXAMPLE -->
    <vcsConnection>
      <id>svn01</id>
	  <!--# VCS_TYPE - The type of VCS being used [svn, p4, cvs, tfs2005, tfs2010, tfs2012, tfs2013, etc]
			#   Note: This gets added to the end of the VCS_WORKSPACE_HOME folder for workspace clarification
			#     Subversion=svn
			#     Perforce=p4
			#     Concurrent Versions Systems=cvs
			#     Team Foundation Server=tfs2005 or [tfs2010, tfs2012, tfs2013]
		-->
      <VCS_TYPE>svn</VCS_TYPE>
	  <!--# VCS_BASE_TYPE - Recommended options=[SVN, CVS, P4, or TFS]. Choose to coincide with VCS_TYPE. -->
      <VCS_BASE_TYPE>SVN</VCS_BASE_TYPE>
	  <!--# VCS_HOME - VCS Client Home directory where the VCS executable lives.  
			#     Note: This could be a /bin directory.  It must be where the VCS_COMMAND is found.
			#     Windows example: D:/dev/cvs/bin
			#        UNIX example: /usr/bin
		-->
      <VCS_HOME>$SVN_HOME</VCS_HOME>
	  <!--# VCS_COMMAND - The actual command for the given VCS Type [svn,p4,cvs,tf.cmd] -->
      <VCS_COMMAND>svn</VCS_COMMAND>
	  <!--# VCS_FULL_COMMAND - [true|false] - Execute the VCS command with the full path (true) or the VCS command only (false).  When set to false, the VCS_COMMAND must be in the system path.-->
      <VCS_EXEC_FULL_PATH>true</VCS_EXEC_FULL_PATH>
	  <!--# VCS options - options are specific to the VCS type being used and are included in the command line (not set as environment variables)-->
      <VCS_OPTIONS>--non-interactive --no-auth-cache --trust-server-cert</VCS_OPTIONS>
      <!--Element VCS_WORKSPACE_INIT_LINK_OPTIONS is optional
		# Workspace Initialization.  Create new workspace equates to: 
		#		TFS: tf workspace -new -collection:${VCS_REPOSITORY_URL} ${VCS_WORKSPACE_NAME} -noprompt /login:${VCS_USERNAME},${VCS_PASSWORD} ${VCS_OPTIONS} ${VCS_WORKSPACE_INIT_NEW_OPTIONS}
		#		       e.g. E:/dev/vcs/TEE-CLC-11.0.0/tf.cmd workspace -new -collection:http://hostname:8080/tfs/DefaultCollection wks -noprompt /login:user,******** /location:server 
		#		SVN: not applicable
		#		 P4: not applicable
		#		CVS: not applicable
		-->
	  <VCS_WORKSPACE_INIT_NEW_OPTIONS></VCS_WORKSPACE_INIT_NEW_OPTIONS>
	  
      <!--Element VCS_WORKSPACE_INIT_LINK_OPTIONS is optional
		# Workspace Initialization.  Link workspace to VCS repository equates to: 
		#		TFS: tf.cmd workfold -map -collection:{VCS_REPOSITORY_URL} ${TFS_SERVER_URL} ${VCS_WORKSPACE_DIR}+"/"+${VCS_PROJECT_ROOT} -workspace:${VCS_WORKSPACE_NAME} -noprompt /login:${VCS_USERNAME},${VCS_PASSWORD} ${VCS_OPTIONS} ${VCS_WORKSPACE_INIT_LINK_OPTIONS}
		#			   e.g. E:/dev/vcs/TEE-CLC-11.0.0/tf.cmd workfold -map -collection:http://hostname:8080/tfs/DefaultCollection $/Composite_62/cis_objects W:/wks/Composite_62/cis_objects -workspace:wks -noprompt /login:user,********
		#		SVN: svn import -m "linking workspace to the VCS repository" . "${VCS_REPOSITORY_URL}/${VCS_PROJECT_ROOT}" ${SVN_OPTIONS} ${SVN_AUTH} ${VCS_WORKSPACE_INIT_LINK_OPTIONS}
		#				-IGNORE_INIT_LINK - This option is used to ignore this step when users have READ-only access and will only be doing check-out from subversion and not check-in.		
		#		 P4: (UNIX) p4 client -o ${VCS_WORKSPACE_INIT_LINK_OPTIONS} | p4 client -i ${VCS_WORKSPACE_INIT_LINK_OPTIONS}
		#		 P4: (Windows) p4 client workspacename ${VCS_WORKSPACE_INIT_LINK_OPTIONS}          [manual intervention is required to acknowledge this action on windows only.]
		#		CVS: cvs import -m "linking workspace to the VCS repository" ${VCS_PROJECT_ROOT} INITIAL start ${VCS_WORKSPACE_INIT_LINK_OPTIONS}
		-->
      <VCS_WORKSPACE_INIT_LINK_OPTIONS></VCS_WORKSPACE_INIT_LINK_OPTIONS>

      <!--Element VCS_WORKSPACE_INIT_GET_OPTIONS is optional
		# Workspace Initialization.  Get resources from VCS repository equates to: 
		#		TFS: tf.cmd get -all -recursive ${TFS_SERVER_URL} -noprompt /login:${VCS_USERNAME},${VCS_PASSWORD} ${VCS_OPTIONS} {$VCS_WORKSPACE_INIT_GET_OPTIONS}
		#			   e.g. E:/dev/vcs/TEE-CLC-11.0.0/tf.cmd get -all -recursive $/Composite_62/cis_objects -noprompt /login:user,********
		#		SVN: svn co "${VCS_REPOSITORY_URL}/${VCS_PROJECT_ROOT}" ${SVN_OPTIONS} ${SVN_AUTH} ${VCS_WORKSPACE_INIT_GET_OPTIONS}
		#		 P4: p4 sync ${VCS_WORKSPACE_INIT_GET_OPTIONS}
		#		CVS: cvs co ${VCS_PROJECT_ROOT} ${VCS_WORKSPACE_INIT_GET_OPTIONS}
		-->
      <VCS_WORKSPACE_INIT_GET_OPTIONS></VCS_WORKSPACE_INIT_GET_OPTIONS>

	  <!--VCS Base Folder Initialization.  Add Options: 
		#		TFS: tf.cmd add ${fullResourcePath} -recursive -noprompt /login:${VCS_USERNAME},${VCS_PASSWORD} ${VCS_OPTIONS} ${VCS_BASE_FOLDER_INIT_ADD}
		#			   e.g. E:/dev/vcs/TEE-CLC-11.0.0/tf.cmd add P:/TFSww/Composite_62/cis_objects/shared/test00  $/Composite_62/cis_objects -noprompt /login:user,********
		#		SVN: svn add ${fullResourcePath} ${SVN_AUTH} ${VCS_OPTIONS} ${VCS_BASE_FOLDER_INIT_ADD}
		#		 P4: p4 add ${fullResourcePath} ${VCS_BASE_FOLDER_INIT_ADD}
		#		CVS: cvs add ${fullResourcePath} ${VCS_BASE_FOLDER_INIT_ADD}
		-->
      <VCS_BASE_FOLDER_INIT_ADD></VCS_BASE_FOLDER_INIT_ADD>
	  
      <!--Element VCS_CHECKIN_OPTIONS is optional
		# Resource Checkin. Checkin resources to VCS equates to:
		#		TFS: 
		#			Folder:             fullResourcePath:  execFromDir+"/"+resourcePath"
		#					Check out folder for editing:  tf.cmd checkout ${fullResourcePath} -lock:Checkout -recursive -noprompt /login:${VCS_USERNAME},${VCS_PASSWORD} ${VCS_OPTIONS} ${VCS_CHECKOUT_OPTIONS}
		#					             Check in folder:  tf.cmd checkin ${fullResourcePath} -comment:@${filename} -recursive -noprompt /login:${VCS_USERNAME},${VCS_PASSWORD} ${VCS_OPTIONS} ${VCS_CHECKIN_OPTIONS}
		#		      File:             fullResourcePath:  execFromDir+"/"+resourcePath+"_"+resourceType+".cmf"
		#					  Check out file for editing:  tf.cmd checkout ${fullResourcePath} -lock:Checkout -noprompt /login:${VCS_USERNAME},${VCS_PASSWORD} ${VCS_OPTIONS} ${VCS_CHECKOUT_OPTIONS}
		#								   Check in file:  tf.cmd checkin ${fullResourcePath} -comment:@${filename} -noprompt /login:${VCS_USERNAME},${VCS_PASSWORD} ${VCS_OPTIONS} ${VCS_CHECKIN_OPTIONS}
		#		SVN: 
		#			Folder:             fullResourcePath:  execFromDir+"/"+resourcePath"
		#					             Check in folder:  svn commit ${fullResourcePath} -m "${Message}" ${SVN_AUTH} ${VCS_OPTIONS} ${VCS_CHECKIN_OPTIONS}
		#		      File:             fullResourcePath:  execFromDir+"/"+resourcePath+"_"+resourceType+".cmf"
		#								   Check in file:  svn commit ${fullResourcePath} -m "${Message}" ${SVN_AUTH} ${VCS_OPTIONS} ${VCS_CHECKIN_OPTIONS}
		#		 P4: 
		#			Folder:             fullResourcePath:  execFromDir+"/"+resourcePath"
		#					             Check in folder:  p4 submit -d "${Message}" ${fullResourcePath} ${VCS_CHECKIN_OPTIONS}
		#		      File:             fullResourcePath:  execFromDir+"/"+resourcePath"
		#								   Check in file:  p4 submit -d "${Message}" ${fullResourcePath} ${VCS_CHECKIN_OPTIONS}
		#		CVS: 
		#			Folder:             fullResourcePath:  execFromDir+"/"+resourcePath"
		#					             Check in folder:  cvs commit -m "${Message}" ${fullResourcePath} ${VCS_CHECKIN_OPTIONS}
		#		      File:             fullResourcePath:  execFromDir+"/"+resourcePath+"_"+resourceType+".cmf"
		#								   Check in file:  cvs commit -m "${Message}" ${fullResourcePath} ${VCS_CHECKIN_OPTIONS}
		# Check-in options are specific to the commit part of the command.  For example, TFS might be -associate:1 which associates a work item with a submission.
		-->
      <VCS_CHECKIN_OPTIONS></VCS_CHECKIN_OPTIONS>
	  
      <!--Element VCS_CHECKIN_OPTIONS_REQUIRED is optional
		# A comma separated list of base-level commands that are required for checkin.  VCS_CHECKIN_OPTIONS is validated against this list.  
		# For example, it may be required by TFS to have the -associate command present on the check-in command line.
		-->
      <VCS_CHECKIN_OPTIONS_REQUIRED></VCS_CHECKIN_OPTIONS_REQUIRED>
	  
      <!--Element VCS_CHECKOUT_OPTIONS is optional
		# Resource Checkout. Checkout resources to VCS equates to:
		#		TFS: 
		#			Folder:             fullResourcePath:  execFromDir+"/"+resourcePath"
		#					            Check out folder:  tf.cmd get ${fullResourcePath} -version:${Revision} -recursive -noprompt /login:${VCS_USERNAME},${VCS_PASSWORD} ${VCS_OPTIONS} ${VCS_CHECKOUT_OPTIONS}
		#		      File:             fullResourcePath:  execFromDir+"/"+resourcePath+"_"+resourceType+".cmf"
		#					              Check out file:  tf.cmd get ${fullResourcePath} -version:${Revision} -noprompt /login:${VCS_USERNAME},${VCS_PASSWORD} ${VCS_OPTIONS} ${VCS_CHECKOUT_OPTIONS}
		#		SVN: 
		#			Folder:             fullResourcePath:  execFromDir+"/"+resourcePath"
		#					            Check out folder:  svn update ${fullResourcePath} -r ${Revision} ${SVN_AUTH} ${VCS_OPTIONS} ${VCS_CHECKOUT_OPTIONS}
		#		      File:             fullResourcePath:  execFromDir+"/"+resourcePath+"_"+resourceType+".cmf"
		#					              Check out file:  svn update ${fullResourcePath} -r ${Revision} ${SVN_AUTH} ${VCS_OPTIONS} ${VCS_CHECKOUT_OPTIONS}
		#		 P4: 
		#			Folder:             fullResourcePath:  execFromDir+"/"+resourcePath"
		#					            Check out folder:  current:  p4 sync ${VCS_CHECKOUT_OPTIONS}
		#												   revision: p4 sync @${Revision} ${VCS_CHECKOUT_OPTIONS}
		#		      File:             fullResourcePath:  execFromDir+"/"+resourcePath+"_"+resourceType+".cmf"
		#					              Check out file:  current:  p4 sync "${fullResourcePath}" ${VCS_CHECKOUT_OPTIONS}
		#												   revision: p4 sync "${fullResourcePath}@${Revision}" ${VCS_CHECKOUT_OPTIONS}
		#		CVS: 
		#			Folder:             fullResourcePath:  execFromDir+"/"+resourcePath"
		#					            Check out folder:  cvs update -j${Revision} ${fullResourcePath} ${VCS_CHECKOUT_OPTIONS}
		#		      File:             fullResourcePath:  execFromDir+"/"+resourcePath+"_"+resourceType+".cmf"
		#					              Check out file:  cvs update -j${Revision} ${fullResourcePath} ${VCS_CHECKOUT_OPTIONS}
		-->
      <VCS_CHECKOUT_OPTIONS></VCS_CHECKOUT_OPTIONS>	  

      <!--Element VCS_CHECKOUT_OPTIONS_REQUIRED is optional
		# A comma separated list of base-level commands that are required for checkout.  VCS_CHECKOUT_OPTIONS is validated against this list.
		-->
      <VCS_CHECKOUT_OPTIONS_REQUIRED></VCS_CHECKOUT_OPTIONS_REQUIRED>

      <!--Element VCS_CIS_IMPORT_OPTIONS is optional
		# VCS Resource Import Options:
		#   Occurs during a vcsCheckout when the temporary checkout.car file is imported into the target server.
		#   The import is the final step in the process.  The backwards compatible option is to include access: -includeaccess 
		#   Consult the Archive Module documentation for more options.
		-->
      <VCS_CIS_IMPORT_OPTIONS></VCS_CIS_IMPORT_OPTIONS>
	  
      <!--Element VCS_CIS_EXPORT_OPTIONS is optional
		# VCS Resource Export Options:
		#   Occurs during a vcsCheckin when the temporary checkout.car file is exported from the target server.
		#   The export from the target is used to compare resources against the VCS repository.  The backwards compatible option is leave this option blank.
		#   Consult the Archive Module documentation for more options.
		-->
      <VCS_CIS_EXPORT_OPTIONS></VCS_CIS_EXPORT_OPTIONS>
	  
	  <!--
		# VCS_REPOSITORY_URL - This is the base URL to identify the VCS server.
		#     Note:  The scripts use the combination of the VCS_REPOSITORY_URL and 
		#            the VCS_PROJECT_ROOT to identify the baseline to check-in and checkout
		#            in the VCS.  The VCS_PROJECT_ROOT also gets used in the folder structure
		#            of the local workspace.
		#     subversion - The base HTTP URL in subversion 
		#                  Command Format: [http:////hostname.domain/svn/basename]
		#                         Example: http:////http://myhost.domain.com/svn/sandbox
		-->
      <VCS_REPOSITORY_URL>$SVN_VCS_REPOSITORY_URL</VCS_REPOSITORY_URL>
	  <!--# VCS_PROJECT_ROOT - This is root name of the project on the VCS Server.  subversion: The project name. perforce: The depot name.-->
     <VCS_PROJECT_ROOT>$SVN_VCS_PROJECT_ROOT$%RELEASE_FOLDER%</VCS_PROJECT_ROOT>
	  <!--
		# VCS_WORKSPACE_HOME - This is the CIS VCS Workspace Home.  
		#     It is recommended to set the location to PDTool home [e.g. $PROJECT_HOME].
		#     The user does have the flexibility to place the VCS workspace in a location other than PDTool home. [e.g. $APPDATA] 
		-->
      <VCS_WORKSPACE_HOME>$SVN_VCS_WORKSPACE_HOME</VCS_WORKSPACE_HOME>
	  <!--
		# VCS_WORKSPACE_NAME:: The name of the workspace folder.  This is not a directory but simply a name. The shorter the better. 
		#    If running PDTool on the same machine as PDToolStudio then the workspace names should be different.
		#    Variables can be used to construct the name. Surround variables with 2 $ or 2 % signs when concatenating strings.
		#       e.g. $VCS_TYPE$ww - $VCS_TYPE$ gets evaluated as a variable. "ww" is a string that gets concatentated. Result: svnww
		#    For perforce, make sure all instances of PDToolStudio/PDTool use their own workspace name in the event that you have them installed in more than one place.
		#       Suggestions:  Use w=windows: [$VCS_TYPE$ww].  Use u for UNIX: [$VCS_TYPE$uw].  Use s for studio: [$VCS_TYPE$sw].
		# VCS_WORKSPACE_DIR::  VCS Workspace Dir is a combination of the VCS_WORKSPACE_HOME and a workspace directory name "VCS_WORKSPACE_NAME".  
		# VCS_TEMP_DIR::       VCS Temp Dir is a combination of the VCS_WORKSPACE_HOME and a temp dir name such as $VCS_TYPE$t.
		-->
      <VCS_WORKSPACE_NAME>$SVN_VCS_WORKSPACE_NAME</VCS_WORKSPACE_NAME>
      <VCS_WORKSPACE_DIR>$VCS_WORKSPACE_HOME/$VCS_WORKSPACE_NAME</VCS_WORKSPACE_DIR>
      <VCS_TEMP_DIR>$SVN_VCS_TEMP_DIR</VCS_TEMP_DIR>
	  <!--
		# VCS_USERNAME - (optional) This is the username for the user logging into the VCS Server.  
		#    If VCS_USERNAME is not set, then the specific VCS Server type may prompt the user for a username and password each time.  
		#    Some VCS Servers, will ask to store the user and password locally for subsequent use.
		-->
     <VCS_USERNAME>$SVN_VCS_USERNAME</VCS_USERNAME>
	  <!--
		# VCS_PASSWORD - (optional) This is the password for the user logging into the VCS Server.  
		#    If VCS_USERNAME is not set, VCS_PASSWORD is ignored.
		#    If set in this file, execute the following command to encrypt the password:
		#         Unix: ./ExecutePDTool.sh -encrypt ../resources/modules/VCSModule.xml
		#      Windows: ExecutePDTool.bat -encrypt ../resources/modules/VCSModule.xml
		-->
      <VCS_PASSWORD>$SVN_VCS_PASSWORD</VCS_PASSWORD>
	  <!--
	  # VCS_IGNORE_MESSAGES - A comma separated list of messages for the VCS Module to ignore upon execution.
		#    CVS:
		#    Perforce:    	No files to submit
		#    Subversion: 
		#    TFS: 			No files checked in,could not be retrieved because a writable file by the same name exists,already has pending changes,because it already has a pending change that is not compatible,There are no remaining changes to check in
		-->
      <VCS_IGNORE_MESSAGES />
	  <!--# VCS_MESSAGE_PREPEND - A static message that gets prepended onto all check-in or forced check-in messages-->
      <VCS_MESSAGE_PREPEND></VCS_MESSAGE_PREPEND>
      <!--Element vcsSpecificEnvVars is optional-->
      <vcsSpecificEnvVars>
        <!--Element envVar is optional, maxOccurs=unbounded-->
        <envVar>
          <envName>SVN_EDITOR</envName>
          <envValue>$VCS_EDITOR</envValue>
        </envVar>
      </vcsSpecificEnvVars>
    </vcsConnection>
	
	<!-- TEAM FOUNDATION SERVER (TFS) EXAMPLE -->
    <vcsConnection>
      <id>tfs01</id>
	  <!--# VCS_TYPE - The type of VCS being used [svn, p4, cvs, tfs2005, tfs2010, tfs2012, tfs2013, etc]
			#   Note: This gets added to the end of the VCS_WORKSPACE_HOME folder for workspace clarification
			#     Subversion=svn
			#     Perforce=p4
			#     Concurrent Versions Systems=cvs
			#     Team Foundation Server=tfs2005 or [tfs2010, tfs2012, tfs2013]
		-->
      <VCS_TYPE>tfs2013</VCS_TYPE>
	  <!--# VCS_BASE_TYPE - Recommended options=[SVN, CVS, P4, or TFS]. Choose to coincide with VCS_TYPE. -->
      <VCS_BASE_TYPE>TFS</VCS_BASE_TYPE>
	  <!--# VCS_HOME - VCS Client Home directory where the VCS executable lives.  
			#     Note: This could be a /bin directory.  It must be where the VCS_COMMAND is found.
			#     Windows example: D:/dev/cvs/bin
			#        UNIX example: /usr/bin
		-->
      <VCS_HOME>$TFS_HOME</VCS_HOME>
	  <!--# VCS_COMMAND - The actual command for the given VCS Type [svn,p4,cvs,tf.cmd] -->
     <VCS_COMMAND>tf.cmd</VCS_COMMAND>
	  <!--# VCS_FULL_COMMAND - [true|false] - Execute the VCS command with the full path (true) or the VCS command only (false).  When set to false, the VCS_COMMAND must be in the system path.-->
      <VCS_EXEC_FULL_PATH>true</VCS_EXEC_FULL_PATH>
	  <!--# VCS options - options are specific to the VCS type being used and are included in the command line (not set as environment variables)-->
      <VCS_OPTIONS />

      <!--Element VCS_WORKSPACE_INIT_LINK_OPTIONS is optional
		# Workspace Initialization.  Create new workspace equates to: 
		#		TFS: tf workspace -new -collection:${VCS_REPOSITORY_URL} ${VCS_WORKSPACE_NAME} -noprompt /login:${VCS_USERNAME},${VCS_PASSWORD} ${VCS_OPTIONS} ${VCS_WORKSPACE_INIT_NEW_OPTIONS}
		#		       e.g. E:/dev/vcs/TEE-CLC-11.0.0/tf.cmd workspace -new -collection:http://hostname:8080/tfs/DefaultCollection wks -noprompt /login:user,******** /location:server 
		#		SVN: not applicable
		#		 P4: not applicable
		#		CVS: not applicable
		-->
	  <VCS_WORKSPACE_INIT_NEW_OPTIONS>/location:server</VCS_WORKSPACE_INIT_NEW_OPTIONS>
	  
      <!--Element VCS_WORKSPACE_INIT_LINK_OPTIONS is optional
		# Workspace Initialization.  Link workspace to VCS repository equates to: 
		#		TFS: tf.cmd workfold -map -collection:{VCS_REPOSITORY_URL} ${TFS_SERVER_URL} ${VCS_WORKSPACE_DIR}+"/"+${VCS_PROJECT_ROOT} -workspace:${VCS_WORKSPACE_NAME} -noprompt /login:${VCS_USERNAME},${VCS_PASSWORD} ${VCS_OPTIONS} ${VCS_WORKSPACE_INIT_LINK_OPTIONS}
		#			   e.g. E:/dev/vcs/TEE-CLC-11.0.0/tf.cmd workfold -map -collection:http://hostname:8080/tfs/DefaultCollection $/Composite_62/cis_objects W:/wks/Composite_62/cis_objects -workspace:wks -noprompt /login:user,********
		#		SVN: svn import -m "linking workspace to the VCS repository" . "${VCS_REPOSITORY_URL}/${VCS_PROJECT_ROOT}" ${SVN_OPTIONS} ${SVN_AUTH} ${VCS_WORKSPACE_INIT_LINK_OPTIONS}
		#				-IGNORE_INIT_LINK - This option is used to ignore this step when users have READ-only access and will only be doing check-out from subversion and not check-in.
		#		 P4: (UNIX) p4 client -o ${VCS_WORKSPACE_INIT_LINK_OPTIONS} | p4 client -i ${VCS_WORKSPACE_INIT_LINK_OPTIONS}
		#		 P4: (Windows) p4 client workspacename ${VCS_WORKSPACE_INIT_LINK_OPTIONS}          [manual intervention is required to acknowledge this action on windows only.]
		#		CVS: cvs import -m "linking workspace to the VCS repository" ${VCS_PROJECT_ROOT} INITIAL start ${VCS_WORKSPACE_INIT_LINK_OPTIONS}
		-->
      <VCS_WORKSPACE_INIT_LINK_OPTIONS></VCS_WORKSPACE_INIT_LINK_OPTIONS>
	  
      <!--Element VCS_WORKSPACE_INIT_GET_OPTIONS is optional
		# Workspace Initialization.  Get resources from VCS repository equates to: 
		#		TFS: tf.cmd get -all -recursive ${TFS_SERVER_URL} -noprompt /login:${VCS_USERNAME},${VCS_PASSWORD} ${VCS_OPTIONS} {$VCS_WORKSPACE_INIT_GET_OPTIONS}
		#			   e.g. E:/dev/vcs/TEE-CLC-11.0.0/tf.cmd get -all -recursive $/Composite_62/cis_objects -noprompt /login:user,********
		#		SVN: svn co "${VCS_REPOSITORY_URL}/${VCS_PROJECT_ROOT}" ${SVN_OPTIONS} ${SVN_AUTH} ${VCS_WORKSPACE_INIT_GET_OPTIONS}
		#		 P4: p4 sync ${VCS_WORKSPACE_INIT_GET_OPTIONS}
		#		CVS: cvs co ${VCS_PROJECT_ROOT} ${VCS_WORKSPACE_INIT_GET_OPTIONS}
		-->
      <VCS_WORKSPACE_INIT_GET_OPTIONS></VCS_WORKSPACE_INIT_GET_OPTIONS>
	  
	  <!--VCS Base Folder Initialization.  Add Options: 
		#		TFS: tf.cmd add ${fullResourcePath} -recursive -noprompt /login:${VCS_USERNAME},${VCS_PASSWORD} ${VCS_OPTIONS} ${VCS_BASE_FOLDER_INIT_ADD}
		#			   e.g. E:/dev/vcs/TEE-CLC-11.0.0/tf.cmd add P:/TFSww/Composite_62/cis_objects/shared/test00  $/Composite_62/cis_objects -noprompt /login:user,********
		#		SVN: svn add ${fullResourcePath} ${SVN_AUTH} ${VCS_OPTIONS} ${VCS_BASE_FOLDER_INIT_ADD}
		#		 P4: p4 add ${fullResourcePath} ${VCS_BASE_FOLDER_INIT_ADD}
		#		CVS: cvs add ${fullResourcePath} ${VCS_BASE_FOLDER_INIT_ADD}
		-->
      <VCS_BASE_FOLDER_INIT_ADD></VCS_BASE_FOLDER_INIT_ADD>

      <!--Element VCS_CHECKIN_OPTIONS is optional
		# Resource Checkin. Checkin resources to VCS equates to:
		#		TFS: 
		#			Folder:             fullResourcePath:  execFromDir+"/"+resourcePath"
		#					Check out folder for editing:  tf.cmd checkout ${fullResourcePath} -lock:Checkout -recursive -noprompt /login:${VCS_USERNAME},${VCS_PASSWORD} ${VCS_OPTIONS} ${VCS_CHECKOUT_OPTIONS}
		#					             Check in folder:  tf.cmd checkin ${fullResourcePath} -comment:@${filename} -recursive -noprompt /login:${VCS_USERNAME},${VCS_PASSWORD} ${VCS_OPTIONS} ${VCS_CHECKIN_OPTIONS}
		#		      File:             fullResourcePath:  execFromDir+"/"+resourcePath+"_"+resourceType+".cmf"
		#					  Check out file for editing:  tf.cmd checkout ${fullResourcePath} -lock:Checkout -noprompt /login:${VCS_USERNAME},${VCS_PASSWORD} ${VCS_OPTIONS} ${VCS_CHECKOUT_OPTIONS}
		#								   Check in file:  tf.cmd checkin ${fullResourcePath} -comment:@${filename} -noprompt /login:${VCS_USERNAME},${VCS_PASSWORD} ${VCS_OPTIONS} ${VCS_CHECKIN_OPTIONS}
		#		SVN: 
		#			Folder:             fullResourcePath:  execFromDir+"/"+resourcePath"
		#					             Check in folder:  svn commit ${fullResourcePath} -m "${Message}" ${SVN_AUTH} ${VCS_OPTIONS} ${VCS_CHECKIN_OPTIONS}
		#		      File:             fullResourcePath:  execFromDir+"/"+resourcePath+"_"+resourceType+".cmf"
		#								   Check in file:  svn commit ${fullResourcePath} -m "${Message}" ${SVN_AUTH} ${VCS_OPTIONS} ${VCS_CHECKIN_OPTIONS}
		#		 P4: 
		#			Folder:             fullResourcePath:  execFromDir+"/"+resourcePath"
		#					             Check in folder:  p4 submit -d "${Message}" ${fullResourcePath} ${VCS_CHECKIN_OPTIONS}
		#		      File:             fullResourcePath:  execFromDir+"/"+resourcePath"
		#								   Check in file:  p4 submit -d "${Message}" ${fullResourcePath} ${VCS_CHECKIN_OPTIONS}
		#		CVS: 
		#			Folder:             fullResourcePath:  execFromDir+"/"+resourcePath"
		#					             Check in folder:  cvs commit -m "${Message}" ${fullResourcePath} ${VCS_CHECKIN_OPTIONS}
		#		      File:             fullResourcePath:  execFromDir+"/"+resourcePath+"_"+resourceType+".cmf"
		#								   Check in file:  cvs commit -m "${Message}" ${fullResourcePath} ${VCS_CHECKIN_OPTIONS}
		# Check-in options are specific to the commit part of the command.  For example, TFS might be -associate:1 which associates a work item with a submission.
		-->
      <VCS_CHECKIN_OPTIONS></VCS_CHECKIN_OPTIONS>
	  
      <!--Element VCS_CHECKIN_OPTIONS_REQUIRED is optional
		# A comma separated list of base-level commands that are required for checkin.  VCS_CHECKIN_OPTIONS is validated against this list.  
		# For example, it may be required by TFS to have the -associate command present on the check-in command line.
		-->
      <VCS_CHECKIN_OPTIONS_REQUIRED></VCS_CHECKIN_OPTIONS_REQUIRED>
	  
      <!--Element VCS_CHECKOUT_OPTIONS is optional
		# Resource Checkout. Checkout resources to VCS equates to:
		#		TFS: 
		#			Folder:             fullResourcePath:  execFromDir+"/"+resourcePath"
		#					            Check out folder:  tf.cmd get ${fullResourcePath} -version:${Revision} -recursive -noprompt /login:${VCS_USERNAME},${VCS_PASSWORD} ${VCS_OPTIONS} ${VCS_CHECKOUT_OPTIONS}
		#		      File:             fullResourcePath:  execFromDir+"/"+resourcePath+"_"+resourceType+".cmf"
		#					              Check out file:  tf.cmd get ${fullResourcePath} -version:${Revision} -noprompt /login:${VCS_USERNAME},${VCS_PASSWORD} ${VCS_OPTIONS} ${VCS_CHECKOUT_OPTIONS}
		#		SVN: 
		#			Folder:             fullResourcePath:  execFromDir+"/"+resourcePath"
		#					            Check out folder:  svn update ${fullResourcePath} -r ${Revision} ${SVN_AUTH} ${VCS_OPTIONS} ${VCS_CHECKOUT_OPTIONS}
		#		      File:             fullResourcePath:  execFromDir+"/"+resourcePath+"_"+resourceType+".cmf"
		#					              Check out file:  svn update ${fullResourcePath} -r ${Revision} ${SVN_AUTH} ${VCS_OPTIONS} ${VCS_CHECKOUT_OPTIONS}
		#		 P4: 
		#			Folder:             fullResourcePath:  execFromDir+"/"+resourcePath"
		#					            Check out folder:  current:  p4 sync ${VCS_CHECKOUT_OPTIONS}
		#												   revision: p4 sync @${Revision} ${VCS_CHECKOUT_OPTIONS}
		#		      File:             fullResourcePath:  execFromDir+"/"+resourcePath+"_"+resourceType+".cmf"
		#					              Check out file:  current:  p4 sync "${fullResourcePath}" ${VCS_CHECKOUT_OPTIONS}
		#												   revision: p4 sync "${fullResourcePath}@${Revision}" ${VCS_CHECKOUT_OPTIONS}
		#		CVS: 
		#			Folder:             fullResourcePath:  execFromDir+"/"+resourcePath"
		#					            Check out folder:  cvs update -j${Revision} ${fullResourcePath} ${VCS_CHECKOUT_OPTIONS}
		#		      File:             fullResourcePath:  execFromDir+"/"+resourcePath+"_"+resourceType+".cmf"
		#					              Check out file:  cvs update -j${Revision} ${fullResourcePath} ${VCS_CHECKOUT_OPTIONS}
		-->
      <VCS_CHECKOUT_OPTIONS></VCS_CHECKOUT_OPTIONS>	  

      <!--Element VCS_CHECKOUT_OPTIONS_REQUIRED is optional
		# A comma separated list of base-level commands that are required for checkout.  VCS_CHECKOUT_OPTIONS is validated against this list.
		-->
      <VCS_CHECKOUT_OPTIONS_REQUIRED></VCS_CHECKOUT_OPTIONS_REQUIRED>
	  
      <!--Element VCS_CIS_IMPORT_OPTIONS is optional
		# VCS Resource Import Options:
		#   Occurs during a vcsCheckout when the temporary checkout.car file is imported into the target server.
		#   The import is the final step in the process.  The backwards compatible option is to include access: -includeaccess 
		#   Consult the Archive Module documentation for more options.
		-->
      <VCS_CIS_IMPORT_OPTIONS></VCS_CIS_IMPORT_OPTIONS>
	  
      <!--Element VCS_CIS_EXPORT_OPTIONS is optional
		# VCS Resource Export Options:
		#   Occurs during a vcsCheckin when the temporary checkout.car file is exported from the target server.
		#   The export from the target is used to compare resources against the VCS repository.  The backwards compatible option is leave this option blank.
		#   Consult the Archive Module documentation for more options.
		-->
      <VCS_CIS_EXPORT_OPTIONS></VCS_CIS_EXPORT_OPTIONS>
	  
	  <!--
		# VCS_REPOSITORY_URL - This is the base URL to identify the VCS server.
		#     Note:  The scripts use the combination of the VCS_REPOSITORY_URL and 
		#            the VCS_PROJECT_ROOT to identify the baseline to check-in and checkout
		#            in the VCS.  The VCS_PROJECT_ROOT also gets used in the folder structure
		#            of the local workspace.
		#     TFS - The base HTTP URL in Team Foundation Server 
		#                  Command Format: [http://hostname.domain:8080/tfs/basename]
		#                         Example: http://myhost:8080/tfs/TeamCollection/TeamProject
		-->
      <VCS_REPOSITORY_URL>$TFS_VCS_REPOSITORY_URL</VCS_REPOSITORY_URL>
	  <!--# VCS_PROJECT_ROOT - This is root name of the project on the VCS Server.  subversion: The project name. perforce: The depot name.-->
      <VCS_PROJECT_ROOT>$TFS_VCS_PROJECT_ROOT$%RELEASE_FOLDER%</VCS_PROJECT_ROOT>
	  <!--
		# VCS_WORKSPACE_HOME - This is the CIS VCS Workspace Home.  
		#     It is recommended to set the location to PDTool home [e.g. $PROJECT_HOME].
		#     The user does have the flexibility to place the VCS workspace in a location other than PDTool home. [e.g. $APPDATA] 
		-->
      <VCS_WORKSPACE_HOME>$TFS_VCS_WORKSPACE_HOME</VCS_WORKSPACE_HOME>
	  <!--
		# VCS_WORKSPACE_NAME:: The name of the workspace folder.  This is not a directory but simply a name. The shorter the better. 
		#    If running PDTool on the same machine as PDToolStudio then the workspace names should be different.
		#    Variables can be used to construct the name. Surround variables with 2 $ or 2 % signs when concatenating strings.
		#       e.g. $VCS_TYPE$ww - $VCS_TYPE$ gets evaluated as a variable. "ww" is a string that gets concatentated. Result: svnww
		#    For perforce, make sure all instances of PDToolStudio/PDTool use their own workspace name in the event that you have them installed in more than one place.
		#       Suggestions:  Use w=windows: [$VCS_TYPE$ww].  Use u for UNIX: [$VCS_TYPE$uw].  Use s for studio: [$VCS_TYPE$sw].
		# VCS_WORKSPACE_DIR::  VCS Workspace Dir is a combination of the VCS_WORKSPACE_HOME and a workspace directory name "VCS_WORKSPACE_NAME".  
		# VCS_TEMP_DIR::       VCS Temp Dir is a combination of the VCS_WORKSPACE_HOME and a temp dir name such as $VCS_TYPE$t.
		-->
      <VCS_WORKSPACE_NAME>$TFS_VCS_WORKSPACE_NAME</VCS_WORKSPACE_NAME>
      <VCS_WORKSPACE_DIR>$VCS_WORKSPACE_HOME/$VCS_WORKSPACE_NAME</VCS_WORKSPACE_DIR>
      <VCS_TEMP_DIR>$TFS_VCS_TEMP_DIR</VCS_TEMP_DIR>
	  <!--
		# VCS_USERNAME - (optional) This is the username for the user logging into the VCS Server.  
		#    If VCS_USERNAME is not set, then the specific VCS Server type may prompt the user for a username and password each time.  
		#    Some VCS Servers, will ask to store the user and password locally for subsequent use.
		-->
     <VCS_USERNAME>$TFS_VCS_USERNAME</VCS_USERNAME>
	  <!--
		# VCS_PASSWORD - (optional) This is the password for the user logging into the VCS Server.  
		#    If VCS_USERNAME is not set, VCS_PASSWORD is ignored.
		#    If set in this file, execute the following command to encrypt the password:
		#         Unix: ./ExecutePDTool.sh -encrypt ../resources/modules/VCSModule.xml
		#      Windows: ExecutePDTool.bat -encrypt ../resources/modules/VCSModule.xml
		-->
      <VCS_PASSWORD>$TFS_VCS_PASSWORD</VCS_PASSWORD>
	  <!--
	  # VCS_IGNORE_MESSAGES - A comma separated list of messages for the VCS Module to ignore upon execution.
		#    CVS:
		#    Perforce:    	No files to submit
		#    Subversion: 
		#    TFS: 			No files checked in,could not be retrieved because a writable file by the same name exists,already has pending changes,because it already has a pending change that is not compatible,There are no remaining changes to check in,No arguments matched any files to add
		-->
      <VCS_IGNORE_MESSAGES>No files checked in,could not be retrieved because a writable file by the same name exists,already has pending changes,because it already has a pending change that is not compatible,There are no remaining changes to check in,No arguments matched any files to add</VCS_IGNORE_MESSAGES>
 	  <!--# VCS_MESSAGE_PREPEND - A static message that gets prepended onto all check-in or forced check-in messages-->
      <VCS_MESSAGE_PREPEND></VCS_MESSAGE_PREPEND>
      <!--Element vcsSpecificEnvVars is optional-->
      <vcsSpecificEnvVars>
        <!--Element envVar is optional, maxOccurs=unbounded-->
		<!-- [Default-change if desired but must be in path (UNIX:vi, Windows: notepad) ] -->
        <envVar>
          <envName>TFS_EDITOR</envName>
          <envValue>$VCS_EDITOR</envValue>
        </envVar>
		<!-- Use an existing TFS workspace.  This will not create a separate workspace for 
			 VCS integration. If this is true, CIS will only copy to/from the workspace and
			 not check into TFS. It will record add, edits and deletes in the workspace. -->
        <envVar>
          <envName>TFS_USE_EXISTING_WORKSPACE</envName>
          <envValue>false</envValue>
        </envVar>
        <envVar>
          <envName>TFS_SERVER_URL</envName>
          <envValue>$$/$VCS_PROJECT_ROOT</envValue>
        </envVar>
      </vcsSpecificEnvVars>
    </vcsConnection>

    <!-- GIT EXAMPLE -->
    <vcsConnection>
      <id>git01</id>
      <!--# VCS_TYPE - The type of VCS being used [svn, p4, cvs, tfs2005, tfs2010, tfs2012, tfs2013, git]
            #   Note: This gets added to the end of the VCS_WORKSPACE_HOME folder for workspace clarification
            #     Subversion=svn
            #     Perforce=p4
            #     Concurrent Versions Systems=cvs
            #     Team Foundation Server=tfs2005 or [tfs2010, tfs2012, tfs2013]
            #     Git=git
        -->
      <VCS_TYPE>git</VCS_TYPE>
      <!--# VCS_BASE_TYPE - Recommended options=[SVN, CVS, P4, TFS, GIT]. Choose to coincide with VCS_TYPE. -->
      <VCS_BASE_TYPE>GIT</VCS_BASE_TYPE>
      <!--# VCS_HOME - VCS Client Home directory where the VCS executable lives.  
            #     Note: This could be a /bin directory.  It must be where the VCS_COMMAND is found.
            #     Windows example: D:/dev/cvs/bin
            #        UNIX example: /usr/bin
        -->
      <VCS_HOME>$GIT_HOME</VCS_HOME>
      <!--# VCS_COMMAND - The actual command for the given VCS Type [svn,p4,cvs,tf.cmd,git] -->
      <VCS_COMMAND>git</VCS_COMMAND>
      <!--# VCS_FULL_COMMAND - [true|false] - Execute the VCS command with the full path (true) or the VCS command only (false).  When set to false, the VCS_COMMAND must be in the system path.-->
      <VCS_EXEC_FULL_PATH>true</VCS_EXEC_FULL_PATH>
      <!--# VCS options - options are specific to the VCS type being used and are included in the command line (not set as environment variables)-->
      <VCS_OPTIONS></VCS_OPTIONS>
      <!--Element VCS_WORKSPACE_INIT_LINK_OPTIONS is optional
        # Workspace Initialization.  Create new workspace equates to: 
        #       TFS: tf workspace -new -collection:${VCS_REPOSITORY_URL} ${VCS_WORKSPACE_NAME} -noprompt /login:${VCS_USERNAME},${VCS_PASSWORD} ${VCS_OPTIONS} ${VCS_WORKSPACE_INIT_NEW_OPTIONS}
        #              e.g. E:/dev/vcs/TEE-CLC-11.0.0/tf.cmd workspace -new -collection:http://hostname:8080/tfs/DefaultCollection wks -noprompt /login:user,******** /location:server 
        #       SVN: not applicable
        #        P4: not applicable
        #       CVS: not applicable
        #       GIT: not applicable
        -->
      <VCS_WORKSPACE_INIT_NEW_OPTIONS></VCS_WORKSPACE_INIT_NEW_OPTIONS>
      
      <!--Element VCS_WORKSPACE_INIT_LINK_OPTIONS is optional
        # Workspace Initialization.  Link workspace to VCS repository equates to: 
        #       TFS: tf.cmd workfold -map -collection:{VCS_REPOSITORY_URL} ${TFS_SERVER_URL} ${VCS_WORKSPACE_DIR}+"/"+${VCS_PROJECT_ROOT} -workspace:${VCS_WORKSPACE_NAME} -noprompt /login:${VCS_USERNAME},${VCS_PASSWORD} ${VCS_OPTIONS} ${VCS_WORKSPACE_INIT_LINK_OPTIONS}
        #              e.g. E:/dev/vcs/TEE-CLC-11.0.0/tf.cmd workfold -map -collection:http://hostname:8080/tfs/DefaultCollection $/Composite_62/cis_objects W:/wks/Composite_62/cis_objects -workspace:wks -noprompt /login:user,********
		#		SVN: svn import -m "linking workspace to the VCS repository" . "${VCS_REPOSITORY_URL}/${VCS_PROJECT_ROOT}" ${SVN_OPTIONS} ${SVN_AUTH} ${VCS_WORKSPACE_INIT_LINK_OPTIONS}
		#				-IGNORE_INIT_LINK - This option is used to ignore this step when users have READ-only access and will only be doing check-out from subversion and not check-in.		
        #        P4: (UNIX) p4 client -o ${VCS_WORKSPACE_INIT_LINK_OPTIONS} | p4 client -i ${VCS_WORKSPACE_INIT_LINK_OPTIONS}
        #        P4: (Windows) p4 client workspacename ${VCS_WORKSPACE_INIT_LINK_OPTIONS}          [manual intervention is required to acknowledge this action on windows only.]
        #       CVS: cvs import -m "linking workspace to the VCS repository" ${VCS_PROJECT_ROOT} INITIAL start ${VCS_WORKSPACE_INIT_LINK_OPTIONS}
        #       GIT: git clone -n ${GIT_OPTIONS} ${VCS_WORKSPACE_INIT_LINK_OPTIONS} ${VCS_REPOSITORY_URL} .
        -->
      <VCS_WORKSPACE_INIT_LINK_OPTIONS></VCS_WORKSPACE_INIT_LINK_OPTIONS>
      
      <!--Element VCS_WORKSPACE_INIT_GET_OPTIONS is optional
        # Workspace Initialization.  Get resources from VCS repository equates to: 
        #       TFS: tf.cmd get -all -recursive ${TFS_SERVER_URL} -noprompt /login:${VCS_USERNAME},${VCS_PASSWORD} ${VCS_OPTIONS} {$VCS_WORKSPACE_INIT_GET_OPTIONS}
        #              e.g. E:/dev/vcs/TEE-CLC-11.0.0/tf.cmd get -all -recursive $/Composite_62/cis_objects -noprompt /login:user,********
        #       SVN: svn co "${VCS_REPOSITORY_URL}/${VCS_PROJECT_ROOT}" ${SVN_OPTIONS} ${SVN_AUTH} ${VCS_WORKSPACE_INIT_GET_OPTIONS}
        #        P4: p4 sync ${VCS_WORKSPACE_INIT_GET_OPTIONS}
        #       CVS: cvs co ${VCS_PROJECT_ROOT} ${VCS_WORKSPACE_INIT_GET_OPTIONS}
        #       GIT: git checkout ${GIT_OPTIONS} ${VCS_WORKSPACE_INIT_GET_OPTIONS} ${VCS_PROJECT_ROOT}
        #              use VCS_WORKSPACE_INIT_GET_OPTIONS to set the "tree-ish" value (the branch in most cases) to check out. will default to "master" if not set
        #              e.g. /usr/local/bin/git checkout master cis_objects
        -->
      <VCS_WORKSPACE_INIT_GET_OPTIONS>master</VCS_WORKSPACE_INIT_GET_OPTIONS>

      <!--VCS Base Folder Initialization.  Add Options: 
        #       TFS: tf.cmd add ${fullResourcePath} -recursive -noprompt /login:${VCS_USERNAME},${VCS_PASSWORD} ${VCS_OPTIONS} ${VCS_BASE_FOLDER_INIT_ADD}
        #              e.g. E:/dev/vcs/TEE-CLC-11.0.0/tf.cmd add P:/TFSww/Composite_62/cis_objects/shared/test00  $/Composite_62/cis_objects -noprompt /login:user,********
        #       SVN: svn add ${fullResourcePath} ${SVN_AUTH} ${VCS_OPTIONS} ${VCS_BASE_FOLDER_INIT_ADD}
        #        P4: p4 add ${fullResourcePath} ${VCS_BASE_FOLDER_INIT_ADD}
        #       CVS: cvs add ${fullResourcePath} ${VCS_BASE_FOLDER_INIT_ADD}
        #       GIT: git add ${VCS_OPTIONS} ${VCS_BASE_FOLDER_INIT_ADD} ${fullResourcePath}
        -->
      <VCS_BASE_FOLDER_INIT_ADD></VCS_BASE_FOLDER_INIT_ADD>
      
      <!--Element VCS_CHECKIN_OPTIONS is optional
        # Resource Checkin. Checkin resources to VCS equates to:
        #       TFS: 
        #           Folder:             fullResourcePath:  execFromDir+"/"+resourcePath"
        #                   Check out folder for editing:  tf.cmd checkout ${fullResourcePath} -lock:Checkout -recursive -noprompt /login:${VCS_USERNAME},${VCS_PASSWORD} ${VCS_OPTIONS} ${VCS_CHECKOUT_OPTIONS}
        #                                Check in folder:  tf.cmd checkin ${fullResourcePath} -comment:@${filename} -recursive -noprompt /login:${VCS_USERNAME},${VCS_PASSWORD} ${VCS_OPTIONS} ${VCS_CHECKIN_OPTIONS}
        #             File:             fullResourcePath:  execFromDir+"/"+resourcePath+"_"+resourceType+".cmf"
        #                     Check out file for editing:  tf.cmd checkout ${fullResourcePath} -lock:Checkout -noprompt /login:${VCS_USERNAME},${VCS_PASSWORD} ${VCS_OPTIONS} ${VCS_CHECKOUT_OPTIONS}
        #                                  Check in file:  tf.cmd checkin ${fullResourcePath} -comment:@${filename} -noprompt /login:${VCS_USERNAME},${VCS_PASSWORD} ${VCS_OPTIONS} ${VCS_CHECKIN_OPTIONS}
        #       SVN: 
        #           Folder:             fullResourcePath:  execFromDir+"/"+resourcePath"
        #                                Check in folder:  svn commit ${fullResourcePath} -m "${Message}" ${SVN_AUTH} ${VCS_OPTIONS} ${VCS_CHECKIN_OPTIONS}
        #             File:             fullResourcePath:  execFromDir+"/"+resourcePath+"_"+resourceType+".cmf"
        #                                  Check in file:  svn commit ${fullResourcePath} -m "${Message}" ${SVN_AUTH} ${VCS_OPTIONS} ${VCS_CHECKIN_OPTIONS}
        #        P4: 
        #           Folder:             fullResourcePath:  execFromDir+"/"+resourcePath"
        #                                Check in folder:  p4 submit -d "${Message}" ${fullResourcePath} ${VCS_CHECKIN_OPTIONS}
        #             File:             fullResourcePath:  execFromDir+"/"+resourcePath"
        #                                  Check in file:  p4 submit -d "${Message}" ${fullResourcePath} ${VCS_CHECKIN_OPTIONS}
        #       CVS: 
        #           Folder:             fullResourcePath:  execFromDir+"/"+resourcePath"
        #                                Check in folder:  cvs commit -m "${Message}" ${fullResourcePath} ${VCS_CHECKIN_OPTIONS}
        #             File:             fullResourcePath:  execFromDir+"/"+resourcePath+"_"+resourceType+".cmf"
        #                                  Check in file:  cvs commit -m "${Message}" ${fullResourcePath} ${VCS_CHECKIN_OPTIONS}
        #       GIT: 
        #           Folder:             fullResourcePath:  execFromDir+"/"+resourcePath"
        #                                Check in folder:  git commit -m "${Message}" ${VCS_OPTIONS} ${VCS_CHECKIN_OPTIONS} ${fullResourcePath}
        #             File:             fullResourcePath:  execFromDir+"/"+resourcePath+"_"+resourceType+".cmf"
        #                                  Check in file:  git commit -m "${Message}" ${VCS_OPTIONS} ${VCS_CHECKIN_OPTIONS} ${fullResourcePath}
        # Check-in options are specific to the commit part of the command.  For example, TFS might be -associate:1 which associates a work item with a submission.
        -->
      <VCS_CHECKIN_OPTIONS></VCS_CHECKIN_OPTIONS>
      
      <!--Element VCS_CHECKIN_OPTIONS_REQUIRED is optional
        # A comma separated list of base-level commands that are required for checkin.  VCS_CHECKIN_OPTIONS is validated against this list.  
        # For example, it may be required by TFS to have the -associate command present on the check-in command line.
        -->
      <VCS_CHECKIN_OPTIONS_REQUIRED></VCS_CHECKIN_OPTIONS_REQUIRED>
      
      <!--Element VCS_CHECKOUT_OPTIONS is optional
        # Resource Checkout. Checkout resources to VCS equates to:
        #       TFS: 
        #           Folder:             fullResourcePath:  execFromDir+"/"+resourcePath"
        #                               Check out folder:  tf.cmd get ${fullResourcePath} -version:${Revision} -recursive -noprompt /login:${VCS_USERNAME},${VCS_PASSWORD} ${VCS_OPTIONS} ${VCS_CHECKOUT_OPTIONS}
        #             File:             fullResourcePath:  execFromDir+"/"+resourcePath+"_"+resourceType+".cmf"
        #                                 Check out file:  tf.cmd get ${fullResourcePath} -version:${Revision} -noprompt /login:${VCS_USERNAME},${VCS_PASSWORD} ${VCS_OPTIONS} ${VCS_CHECKOUT_OPTIONS}
        #       SVN: 
        #           Folder:             fullResourcePath:  execFromDir+"/"+resourcePath"
        #                               Check out folder:  svn update ${fullResourcePath} -r ${Revision} ${SVN_AUTH} ${VCS_OPTIONS} ${VCS_CHECKOUT_OPTIONS}
        #             File:             fullResourcePath:  execFromDir+"/"+resourcePath+"_"+resourceType+".cmf"
        #                                 Check out file:  svn update ${fullResourcePath} -r ${Revision} ${SVN_AUTH} ${VCS_OPTIONS} ${VCS_CHECKOUT_OPTIONS}
        #        P4: 
        #           Folder:             fullResourcePath:  execFromDir+"/"+resourcePath"
        #                               Check out folder:  current:  p4 sync ${VCS_CHECKOUT_OPTIONS}
        #                                                  revision: p4 sync @${Revision} ${VCS_CHECKOUT_OPTIONS}
        #             File:             fullResourcePath:  execFromDir+"/"+resourcePath+"_"+resourceType+".cmf"
        #                                 Check out file:  current:  p4 sync "${fullResourcePath}" ${VCS_CHECKOUT_OPTIONS}
        #                                                  revision: p4 sync "${fullResourcePath}@${Revision}" ${VCS_CHECKOUT_OPTIONS}
        #       CVS: 
        #           Folder:             fullResourcePath:  execFromDir+"/"+resourcePath"
        #                               Check out folder:  cvs update -j${Revision} ${fullResourcePath} ${VCS_CHECKOUT_OPTIONS}
        #             File:             fullResourcePath:  execFromDir+"/"+resourcePath+"_"+resourceType+".cmf"
        #                                 Check out file:  cvs update -j${Revision} ${fullResourcePath} ${VCS_CHECKOUT_OPTIONS}
        #       GIT: 
        #           Folder:             fullResourcePath:  execFromDir+"/"+resourcePath"
        #                               Check out folder:  git checkout ${VCS_OPTIONS} ${VCS_CHECKOUT_OPTIONS} ${fullResourcePath}
        #             File:             fullResourcePath:  execFromDir+"/"+resourcePath+"_"+resourceType+".cmf"
        #                                 Check out file:  git checkout ${VCS_OPTIONS} ${VCS_CHECKOUT_OPTIONS} ${fullResourcePath}
        -->
      <VCS_CHECKOUT_OPTIONS></VCS_CHECKOUT_OPTIONS>   

      <!--Element VCS_CHECKOUT_OPTIONS_REQUIRED is optional
        # A comma separated list of base-level commands that are required for checkout.  VCS_CHECKOUT_OPTIONS is validated against this list.
        -->
      <VCS_CHECKOUT_OPTIONS_REQUIRED></VCS_CHECKOUT_OPTIONS_REQUIRED>

      <!--Element VCS_CIS_IMPORT_OPTIONS is optional
        # VCS Resource Import Options:
        #   Occurs during a vcsCheckout when the temporary checkout.car file is imported into the target server.
        #   The import is the final step in the process.  The backwards compatible option is to include access: -includeaccess 
        #   Consult the Archive Module documentation for more options.
        -->
      <VCS_CIS_IMPORT_OPTIONS></VCS_CIS_IMPORT_OPTIONS>
      
      <!--Element VCS_CIS_EXPORT_OPTIONS is optional
        # VCS Resource Export Options:
        #   Occurs during a vcsCheckin when the temporary checkout.car file is exported from the target server.
        #   The export from the target is used to compare resources against the VCS repository.  The backwards compatible option is leave this option blank.
        #   Consult the Archive Module documentation for more options.
        -->
      <VCS_CIS_EXPORT_OPTIONS></VCS_CIS_EXPORT_OPTIONS>
      
      <!--
        # VCS_REPOSITORY_URL - This is the base URL to identify the VCS server.
        #     Note:  The scripts use the combination of the VCS_REPOSITORY_URL and 
        #            the VCS_PROJECT_ROOT to identify the baseline to check-in and checkout
        #            in the VCS.  The VCS_PROJECT_ROOT also gets used in the folder structure
        #            of the local workspace.
        #     git - The base URL in Git. Git supports a number of protocols.
        #                  1) Local access only with no host and port
        #                         Example: /path/to/repo/
        #                         Example: file:///path/to/repo/
        #                  2) Remote access rules and examples:
        #                         (1) Username and/or Password are included in this URL therefore VCS_USERNAME and VCS_PASSWORD are ignored. The git protocol does not use authentication.
        #                         Example: ssh://user1@remotehost:22/path/to/repo.git/
        #                         Example: git://remotehost:1234/path/to/repo.git/
        #                         Example: http://user1:password@remotehost:80/path/to/repo.git/
        #                         Example: https://user1:password@remotehost:443/path/to/repo.git/
        #                         Example: ftp://user1:password@remotehost:21/path/to/repo.git/
        #                         Example: ftps://user1:password@remotehost:990/path/to/repo.git/
        #                         Example: rsync://user1:password@remotehost:873/path/to/repo.git/
        #                  3) Use substitution variables to identify user and password.  These variables get replaced at runtime with values passed in.
        #                         Example: http://<VCS_USERNAME>:<VCS_PASSWORD>@remotehost:80/path/to/repo.git/
        -->
      <VCS_REPOSITORY_URL>$GIT_VCS_REPOSITORY_URL</VCS_REPOSITORY_URL>
      <!--# VCS_PROJECT_ROOT - This is root name of the project on the VCS Server.  git: The project folder.-->
      <VCS_PROJECT_ROOT>$GIT_VCS_PROJECT_ROOT$%RELEASE_FOLDER%</VCS_PROJECT_ROOT>
	  <!--
		# VCS_WORKSPACE_HOME - This is the CIS VCS Workspace Home.  
		#     It is recommended to set the location to PDTool home [e.g. $PROJECT_HOME].
		#     The user does have the flexibility to place the VCS workspace in a location other than PDTool home. [e.g. $APPDATA] 
		-->
      <VCS_WORKSPACE_HOME>$GIT_VCS_WORKSPACE_HOME</VCS_WORKSPACE_HOME>
	  <!--
		# VCS_WORKSPACE_NAME:: The name of the workspace folder.  This is not a directory but simply a name. The shorter the better. 
		#    If running PDTool on the same machine as PDToolStudio then the workspace names should be different.
		#    Variables can be used to construct the name. Surround variables with 2 $ or 2 % signs when concatenating strings.
		#       e.g. $VCS_TYPE$ww - $VCS_TYPE$ gets evaluated as a variable. "ww" is a string that gets concatentated. Result: svnww
		#    For perforce, make sure all instances of PDToolStudio/PDTool use their own workspace name in the event that you have them installed in more than one place.
		#       Suggestions:  Use w=windows: [$VCS_TYPE$ww].  Use u for UNIX: [$VCS_TYPE$uw].  Use s for studio: [$VCS_TYPE$sw].
		# VCS_WORKSPACE_DIR::  VCS Workspace Dir is a combination of the VCS_WORKSPACE_HOME and a workspace directory name "VCS_WORKSPACE_NAME".  
		# VCS_TEMP_DIR::       VCS Temp Dir is a combination of the VCS_WORKSPACE_HOME and a temp dir name such as $VCS_TYPE$t.
		-->
      <VCS_WORKSPACE_NAME>$GIT_VCS_WORKSPACE_NAME</VCS_WORKSPACE_NAME>
      <VCS_WORKSPACE_DIR>$VCS_WORKSPACE_HOME/$VCS_WORKSPACE_NAME</VCS_WORKSPACE_DIR>
      <VCS_TEMP_DIR>$GIT_VCS_TEMP_DIR</VCS_TEMP_DIR>
      <!--
        # VCS_USERNAME - (optional) This is the username for the user logging into the VCS Server.  
        #    If VCS_USERNAME is not set, then the specific VCS Server type may prompt the user for a username and password each time.  
        #    Some VCS Servers, will ask to store the user and password locally for subsequent use.
        -->
     <VCS_USERNAME>$GIT_VCS_USERNAME</VCS_USERNAME>
      <!--
        # VCS_PASSWORD - (optional) This is the password for the user logging into the VCS Server.  
        #    If VCS_USERNAME is not set, VCS_PASSWORD is ignored.
        #    If set in this file, execute the following command to encrypt the password:
        #         Unix: ./ExecutePDTool.sh -encrypt ../resources/modules/VCSModule.xml
        #      Windows: ExecutePDTool.bat -encrypt ../resources/modules/VCSModule.xml
        -->
      <VCS_PASSWORD>$GIT_VCS_PASSWORD</VCS_PASSWORD>
      <!--
      # VCS_IGNORE_MESSAGES - A comma separated list of messages for the VCS Module to ignore upon execution.
        #    CVS:
        #    Perforce:      No files to submit
        #    Subversion: 
        #    TFS:           No files checked in,could not be retrieved because a writable file by the same name exists,already has pending changes,because it already has a pending change that is not compatible,There are no remaining changes to check in
        #    Git:           Could not switch to,did not match any file(s) known to git.,nothing to commit
        -->
      <VCS_IGNORE_MESSAGES>Could not switch to,did not match any file(s) known to git.,nothing to commit</VCS_IGNORE_MESSAGES>
      <!--# VCS_MESSAGE_PREPEND - A static message that gets prepended onto all check-in or forced check-in messages-->
      <VCS_MESSAGE_PREPEND></VCS_MESSAGE_PREPEND>
      <!--Element vcsSpecificEnvVars is optional-->
      <vcsSpecificEnvVars>
        <!--Element envVar is optional, maxOccurs=unbounded-->
        <envVar>
          <envName>GIT_EDITOR</envName>
          <envValue>$VCS_EDITOR</envValue>
        </envVar>
      </vcsSpecificEnvVars>
    </vcsConnection>
	
 	<!-- PERFORCE EXAMPLE -->
    <vcsConnection>
      <id>perforce01</id>
	  <!--# VCS_TYPE - The type of VCS being used [svn, p4, cvs, tfs2005, tfs2010, tfs2012, tfs2013, etc]
			#   Note: This gets added to the end of the VCS_WORKSPACE_HOME folder for workspace clarification
			#     Subversion=svn
			#     Perforce=p4
			#     Concurrent Versions Systems=cvs
			#     Team Foundation Server=tfs2005 or [tfs2010, tfs2012, tfs2013]
		-->
      <VCS_TYPE>p4</VCS_TYPE>
	  <!--# VCS_BASE_TYPE - Recommended options=[SVN, CVS, P4, or TFS]. Choose to coincide with VCS_TYPE. -->
      <VCS_BASE_TYPE>P4</VCS_BASE_TYPE>
	  <!--# VCS_HOME - VCS Client Home directory where the VCS executable lives.  
			#     Note: This could be a /bin directory.  It must be where the VCS_COMMAND is found.
			#     Windows example: D:/dev/cvs/bin
			#        UNIX example: /usr/bin
		-->
      <VCS_HOME>$P4_HOME</VCS_HOME>
	  <!--# VCS_COMMAND - The actual command for the given VCS Type [svn,p4,cvs,tf.cmd] -->
      <VCS_COMMAND>p4</VCS_COMMAND>
	  <!--# VCS_FULL_COMMAND - [true|false] - Execute the VCS command with the full path (true) or the VCS command only (false).  When set to false, the VCS_COMMAND must be in the system path.-->
      <VCS_EXEC_FULL_PATH>true</VCS_EXEC_FULL_PATH>
	  <!--# VCS options - options are specific to the VCS type being used and are included in the command line (not set as environment variables)-->
      <VCS_OPTIONS />

      <!--Element VCS_WORKSPACE_INIT_LINK_OPTIONS is optional
		# Workspace Initialization.  Create new workspace equates to: 
		#		TFS: tf workspace -new -collection:${VCS_REPOSITORY_URL} ${VCS_WORKSPACE_NAME} -noprompt /login:${VCS_USERNAME},${VCS_PASSWORD} ${VCS_OPTIONS} ${VCS_WORKSPACE_INIT_NEW_OPTIONS}
		#		       e.g. E:/dev/vcs/TEE-CLC-11.0.0/tf.cmd workspace -new -collection:http://hostname:8080/tfs/DefaultCollection wks -noprompt /login:user,******** /location:server 
		#		SVN: not applicable
		#		 P4: not applicable
		#		CVS: not applicable
		-->
	  <VCS_WORKSPACE_INIT_NEW_OPTIONS></VCS_WORKSPACE_INIT_NEW_OPTIONS>
	  
      <!--Element VCS_WORKSPACE_INIT_LINK_OPTIONS is optional
		# Workspace Initialization.  Link workspace to VCS repository equates to: 
		#		TFS: tf.cmd workfold -map -collection:{VCS_REPOSITORY_URL} ${TFS_SERVER_URL} ${VCS_WORKSPACE_DIR}+"/"+${VCS_PROJECT_ROOT} -workspace:${VCS_WORKSPACE_NAME} -noprompt /login:${VCS_USERNAME},${VCS_PASSWORD} ${VCS_OPTIONS} ${VCS_WORKSPACE_INIT_LINK_OPTIONS}
		#			   e.g. E:/dev/vcs/TEE-CLC-11.0.0/tf.cmd workfold -map -collection:http://hostname:8080/tfs/DefaultCollection $/Composite_62/cis_objects W:/wks/Composite_62/cis_objects -workspace:wks -noprompt /login:user,********
		#		SVN: svn import -m "linking workspace to the VCS repository" . "${VCS_REPOSITORY_URL}/${VCS_PROJECT_ROOT}" ${SVN_OPTIONS} ${SVN_AUTH} ${VCS_WORKSPACE_INIT_LINK_OPTIONS}
		#				-IGNORE_INIT_LINK - This option is used to ignore this step when users have READ-only access and will only be doing check-out from subversion and not check-in.	
		#		 P4: (UNIX) p4 client -o ${VCS_WORKSPACE_INIT_LINK_OPTIONS} | p4 client -i ${VCS_WORKSPACE_INIT_LINK_OPTIONS}
		#		 P4: (Windows) p4 client workspacename ${VCS_WORKSPACE_INIT_LINK_OPTIONS}          [manual intervention is required to acknowledge this action on windows only.]
		#		CVS: cvs import -m "linking workspace to the VCS repository" ${VCS_PROJECT_ROOT} INITIAL start ${VCS_WORKSPACE_INIT_LINK_OPTIONS}
		-->
      <VCS_WORKSPACE_INIT_LINK_OPTIONS></VCS_WORKSPACE_INIT_LINK_OPTIONS>
	  
      <!--Element VCS_WORKSPACE_INIT_GET_OPTIONS is optional
		# Workspace Initialization.  Get resources from VCS repository equates to: 
		#		TFS: tf.cmd get -all -recursive ${TFS_SERVER_URL} -noprompt /login:${VCS_USERNAME},${VCS_PASSWORD} ${VCS_OPTIONS} {$VCS_WORKSPACE_INIT_GET_OPTIONS}
		#			   e.g. E:/dev/vcs/TEE-CLC-11.0.0/tf.cmd get -all -recursive $/Composite_62/cis_objects -noprompt /login:user,********
		#		SVN: svn co "${VCS_REPOSITORY_URL}/${VCS_PROJECT_ROOT}" ${SVN_OPTIONS} ${SVN_AUTH} ${VCS_WORKSPACE_INIT_GET_OPTIONS}
		#		 P4: p4 sync ${VCS_WORKSPACE_INIT_GET_OPTIONS}
		#		CVS: cvs co ${VCS_PROJECT_ROOT} ${VCS_WORKSPACE_INIT_GET_OPTIONS}
		-->
      <VCS_WORKSPACE_INIT_GET_OPTIONS></VCS_WORKSPACE_INIT_GET_OPTIONS>
	  
 	  <!--VCS Base Folder Initialization.  Add Options: 
		#		TFS: tf.cmd add ${fullResourcePath} -recursive -noprompt /login:${VCS_USERNAME},${VCS_PASSWORD} ${VCS_OPTIONS} ${VCS_BASE_FOLDER_INIT_ADD}
		#			   e.g. E:/dev/vcs/TEE-CLC-11.0.0/tf.cmd add P:/TFSww/Composite_62/cis_objects/shared/test00  $/Composite_62/cis_objects -noprompt /login:user,********
		#		SVN: svn add ${fullResourcePath} ${SVN_AUTH} ${VCS_OPTIONS} ${VCS_BASE_FOLDER_INIT_ADD}
		#		 P4: p4 add ${fullResourcePath} ${VCS_BASE_FOLDER_INIT_ADD}
		#		CVS: cvs add ${fullResourcePath} ${VCS_BASE_FOLDER_INIT_ADD}
		-->
      <VCS_BASE_FOLDER_INIT_ADD></VCS_BASE_FOLDER_INIT_ADD>

      <!--Element VCS_CHECKIN_OPTIONS is optional
		# Resource Checkin. Checkin resources to VCS equates to:
		#		TFS: 
		#			Folder:             fullResourcePath:  execFromDir+"/"+resourcePath"
		#					Check out folder for editing:  tf.cmd checkout ${fullResourcePath} -lock:Checkout -recursive -noprompt /login:${VCS_USERNAME},${VCS_PASSWORD} ${VCS_OPTIONS} ${VCS_CHECKOUT_OPTIONS}
		#					             Check in folder:  tf.cmd checkin ${fullResourcePath} -comment:@${filename} -recursive -noprompt /login:${VCS_USERNAME},${VCS_PASSWORD} ${VCS_OPTIONS} ${VCS_CHECKIN_OPTIONS}
		#		      File:             fullResourcePath:  execFromDir+"/"+resourcePath+"_"+resourceType+".cmf"
		#					  Check out file for editing:  tf.cmd checkout ${fullResourcePath} -lock:Checkout -noprompt /login:${VCS_USERNAME},${VCS_PASSWORD} ${VCS_OPTIONS} ${VCS_CHECKOUT_OPTIONS}
		#								   Check in file:  tf.cmd checkin ${fullResourcePath} -comment:@${filename} -noprompt /login:${VCS_USERNAME},${VCS_PASSWORD} ${VCS_OPTIONS} ${VCS_CHECKIN_OPTIONS}
		#		SVN: 
		#			Folder:             fullResourcePath:  execFromDir+"/"+resourcePath"
		#					             Check in folder:  svn commit ${fullResourcePath} -m "${Message}" ${SVN_AUTH} ${VCS_OPTIONS} ${VCS_CHECKIN_OPTIONS}
		#		      File:             fullResourcePath:  execFromDir+"/"+resourcePath+"_"+resourceType+".cmf"
		#								   Check in file:  svn commit ${fullResourcePath} -m "${Message}" ${SVN_AUTH} ${VCS_OPTIONS} ${VCS_CHECKIN_OPTIONS}
		#		 P4: 
		#			Folder:             fullResourcePath:  execFromDir+"/"+resourcePath"
		#					             Check in folder:  p4 submit -d "${Message}" ${fullResourcePath} ${VCS_CHECKIN_OPTIONS}
		#		      File:             fullResourcePath:  execFromDir+"/"+resourcePath"
		#								   Check in file:  p4 submit -d "${Message}" ${fullResourcePath} ${VCS_CHECKIN_OPTIONS}
		#		CVS: 
		#			Folder:             fullResourcePath:  execFromDir+"/"+resourcePath"
		#					             Check in folder:  cvs commit -m "${Message}" ${fullResourcePath} ${VCS_CHECKIN_OPTIONS}
		#		      File:             fullResourcePath:  execFromDir+"/"+resourcePath+"_"+resourceType+".cmf"
		#								   Check in file:  cvs commit -m "${Message}" ${fullResourcePath} ${VCS_CHECKIN_OPTIONS}
		# Check-in options are specific to the commit part of the command.  For example, TFS might be -associate:1 which associates a work item with a submission.
		-->
      <VCS_CHECKIN_OPTIONS></VCS_CHECKIN_OPTIONS>
	  
      <!--Element VCS_CHECKIN_OPTIONS_REQUIRED is optional
		# A comma separated list of base-level commands that are required for checkin.  VCS_CHECKIN_OPTIONS is validated against this list.  
		# For example, it may be required by TFS to have the -associate command present on the check-in command line.
		-->
      <VCS_CHECKIN_OPTIONS_REQUIRED></VCS_CHECKIN_OPTIONS_REQUIRED>
	  
      <!--Element VCS_CHECKOUT_OPTIONS is optional
		# Resource Checkout. Checkout resources to VCS equates to:
		#		TFS: 
		#			Folder:             fullResourcePath:  execFromDir+"/"+resourcePath"
		#					            Check out folder:  tf.cmd get ${fullResourcePath} -version:${Revision} -recursive -noprompt /login:${VCS_USERNAME},${VCS_PASSWORD} ${VCS_OPTIONS} ${VCS_CHECKOUT_OPTIONS}
		#		      File:             fullResourcePath:  execFromDir+"/"+resourcePath+"_"+resourceType+".cmf"
		#					              Check out file:  tf.cmd get ${fullResourcePath} -version:${Revision} -noprompt /login:${VCS_USERNAME},${VCS_PASSWORD} ${VCS_OPTIONS} ${VCS_CHECKOUT_OPTIONS}
		#		SVN: 
		#			Folder:             fullResourcePath:  execFromDir+"/"+resourcePath"
		#					            Check out folder:  svn update ${fullResourcePath} -r ${Revision} ${SVN_AUTH} ${VCS_OPTIONS} ${VCS_CHECKOUT_OPTIONS}
		#		      File:             fullResourcePath:  execFromDir+"/"+resourcePath+"_"+resourceType+".cmf"
		#					              Check out file:  svn update ${fullResourcePath} -r ${Revision} ${SVN_AUTH} ${VCS_OPTIONS} ${VCS_CHECKOUT_OPTIONS}
		#		 P4: 
		#			Folder:             fullResourcePath:  execFromDir+"/"+resourcePath"
		#					            Check out folder:  current:  p4 sync ${VCS_CHECKOUT_OPTIONS}
		#												   revision: p4 sync @${Revision} ${VCS_CHECKOUT_OPTIONS}
		#		      File:             fullResourcePath:  execFromDir+"/"+resourcePath+"_"+resourceType+".cmf"
		#					              Check out file:  current:  p4 sync "${fullResourcePath}" ${VCS_CHECKOUT_OPTIONS}
		#												   revision: p4 sync "${fullResourcePath}@${Revision}" ${VCS_CHECKOUT_OPTIONS}
		#		CVS: 
		#			Folder:             fullResourcePath:  execFromDir+"/"+resourcePath"
		#					            Check out folder:  cvs update -j${Revision} ${fullResourcePath} ${VCS_CHECKOUT_OPTIONS}
		#		      File:             fullResourcePath:  execFromDir+"/"+resourcePath+"_"+resourceType+".cmf"
		#					              Check out file:  cvs update -j${Revision} ${fullResourcePath} ${VCS_CHECKOUT_OPTIONS}
		-->
      <VCS_CHECKOUT_OPTIONS></VCS_CHECKOUT_OPTIONS>	  

      <!--Element VCS_CHECKOUT_OPTIONS_REQUIRED is optional
		# A comma separated list of base-level commands that are required for checkout.  VCS_CHECKOUT_OPTIONS is validated against this list.
		-->
      <VCS_CHECKOUT_OPTIONS_REQUIRED></VCS_CHECKOUT_OPTIONS_REQUIRED>
	  
      <!--Element VCS_CIS_IMPORT_OPTIONS is optional
		# VCS Resource Import Options:
		#   Occurs during a vcsCheckout when the temporary checkout.car file is imported into the target server.
		#   The import is the final step in the process.  The backwards compatible option is to include access: -includeaccess 
		#   Consult the Archive Module documentation for more options.
		-->
      <VCS_CIS_IMPORT_OPTIONS></VCS_CIS_IMPORT_OPTIONS>
	  
      <!--Element VCS_CIS_EXPORT_OPTIONS is optional
		# VCS Resource Export Options:
		#   Occurs during a vcsCheckin when the temporary checkout.car file is exported from the target server.
		#   The export from the target is used to compare resources against the VCS repository.  The backwards compatible option is leave this option blank.
		#   Consult the Archive Module documentation for more options.
		-->
      <VCS_CIS_EXPORT_OPTIONS></VCS_CIS_EXPORT_OPTIONS>
	  
	  <!--
		# VCS_REPOSITORY_URL - This is the base URL to identify the VCS server.
		#     Note:  The scripts use the combination of the VCS_REPOSITORY_URL and 
		#            the VCS_PROJECT_ROOT to identify the baseline to check-in and checkout
		#            in the VCS.  The VCS_PROJECT_ROOT also gets used in the folder structure
		#            of the local workspace.
		#     perforce   - The Repository URL is the host and port in perforce - 
		#                  Command Format: [hostname:port]
		#                         Example: myhost:1666
		-->
      <VCS_REPOSITORY_URL>$P4_VCS_REPOSITORY_URL</VCS_REPOSITORY_URL>
	  <!--# VCS_PROJECT_ROOT - This is root name of the project on the VCS Server.  subversion: The project name. perforce: The depot name.-->
      <VCS_PROJECT_ROOT>$P4_VCS_PROJECT_ROOT$%RELEASE_FOLDER%</VCS_PROJECT_ROOT>
	  <!--
		# VCS_WORKSPACE_HOME - This is the CIS VCS Workspace Home.  
		#     It is recommended to set the location to PDTool home [e.g. $PROJECT_HOME].
		#     The user does have the flexibility to place the VCS workspace in a location other than PDTool home. [e.g. $APPDATA] 
		-->
      <VCS_WORKSPACE_HOME>$P4_VCS_WORKSPACE_HOME</VCS_WORKSPACE_HOME>
	  <!--
		# VCS_WORKSPACE_NAME:: The name of the workspace folder.  This is not a directory but simply a name. The shorter the better. 
		#    If running PDTool on the same machine as PDToolStudio then the workspace names should be different.
		#    Variables can be used to construct the name. Surround variables with 2 $ or 2 % signs when concatenating strings.
		#       e.g. $VCS_TYPE$ww - $VCS_TYPE$ gets evaluated as a variable. "ww" is a string that gets concatentated. Result: svnww
		#    For perforce, make sure all instances of PDToolStudio/PDTool use their own workspace name in the event that you have them installed in more than one place.
		#       Suggestions:  Use w=windows: [$VCS_TYPE$ww].  Use u for UNIX: [$VCS_TYPE$uw].  Use s for studio: [$VCS_TYPE$sw].
		# VCS_WORKSPACE_DIR::  VCS Workspace Dir is a combination of the VCS_WORKSPACE_HOME and a workspace directory name "VCS_WORKSPACE_NAME".  
		# VCS_TEMP_DIR::       VCS Temp Dir is a combination of the VCS_WORKSPACE_HOME and a temp dir name such as $VCS_TYPE$t.
		-->
      <VCS_WORKSPACE_NAME>$P4_VCS_WORKSPACE_NAME</VCS_WORKSPACE_NAME>
      <VCS_WORKSPACE_DIR>$VCS_WORKSPACE_HOME/$VCS_WORKSPACE_NAME</VCS_WORKSPACE_DIR>
      <VCS_TEMP_DIR>$P4_VCS_TEMP_DIR</VCS_TEMP_DIR>
 	  <!--
		# VCS_USERNAME - (optional) This is the username for the user logging into the VCS Server.  
		#    If VCS_USERNAME is not set, then the specific VCS Server type may prompt the user for a username and password each time.  
		#    Some VCS Servers, will ask to store the user and password locally for subsequent use.
		-->
     <VCS_USERNAME>$P4_VCS_USERNAME</VCS_USERNAME>
	  <!--
		# VCS_PASSWORD - (optional) This is the password for the user logging into the VCS Server.  
		#    If VCS_USERNAME is not set, VCS_PASSWORD is ignored.
		#    If set in this file, execute the following command to encrypt the password:
		#         Unix: ./ExecutePDTool.sh -encrypt ../resources/modules/VCSModule.xml
		#      Windows: ExecutePDTool.bat -encrypt ../resources/modules/VCSModule.xml
		-->
      <VCS_PASSWORD>$P4_VCS_PASSWORD</VCS_PASSWORD>
	  <!--
	  # VCS_IGNORE_MESSAGES - A comma separated list of messages for the VCS Module to ignore upon execution.
		#    CVS:
		#    Perforce:    	No files to submit
		#    Subversion: 
		#    TFS: 			No files checked in,could not be retrieved because a writable file by the same name exists,already has pending changes,because it already has a pending change that is not compatible,There are no remaining changes to check in,No arguments matched any files to add
		-->
      <VCS_IGNORE_MESSAGES>No files to submit</VCS_IGNORE_MESSAGES>
	  <!--# VCS_MESSAGE_PREPEND - A static message that gets prepended onto all check-in or forced check-in messages-->
      <VCS_MESSAGE_PREPEND></VCS_MESSAGE_PREPEND>
      <!--Element vcsSpecificEnvVars is optional-->
      <vcsSpecificEnvVars>
        <!--Element envVar is optional, maxOccurs=unbounded-->
        <envVar>
          <envName>P4EDITOR</envName>
          <envValue>$VCS_EDITOR</envValue>
        </envVar>
        <envVar>
          <envName>P4CLIENT</envName>
          <envValue>$VCS_WORKSPACE_NAME</envValue>
        </envVar>
        <envVar>
          <envName>P4PORT</envName>
          <envValue>$VCS_REPOSITORY_URL</envValue>
        </envVar>
        <envVar>
          <envName>P4USER</envName>
          <envValue>$VCS_USERNAME</envValue>
        </envVar>
        <envVar>
          <envName>P4PASSWD</envName>
          <envValue>$VCS_PASSWORD</envValue>
        </envVar>
        <envVar>
          <envName>P4DEL_LINK_OPTIONS</envName>
          <envValue>-f</envValue>
        </envVar>
      </vcsSpecificEnvVars>
    </vcsConnection>
	
	<!-- CVS EXAMPLE -->
    <vcsConnection>
      <id>cvs01</id>
	  <!--# VCS_TYPE - The type of VCS being used [svn, p4, cvs, tfs2005, tfs2010, tfs2012, tfs2013, etc]
			#   Note: This gets added to the end of the VCS_WORKSPACE_HOME folder for workspace clarification
			#     Subversion=svn
			#     Perforce=p4
			#     Concurrent Versions Systems=cvs
			#     Team Foundation Server=tfs2005 or [tfs2010, tfs2012, tfs2013]
		-->
      <VCS_TYPE>cvs</VCS_TYPE>
	  <!--# VCS_BASE_TYPE - Recommended options=[SVN, CVS, P4, or TFS]. Choose to coincide with VCS_TYPE. -->
      <VCS_BASE_TYPE>CVS</VCS_BASE_TYPE>
	  <!--# VCS_HOME - VCS Client Home directory where the VCS executable lives.  
			#     Note: This could be a /bin directory.  It must be where the VCS_COMMAND is found.
			#     Windows example: D:/dev/cvs/bin
			#        UNIX example: /usr/bin
		-->
      <VCS_HOME>$CVS_HOME</VCS_HOME>
	  <!--# VCS_COMMAND - The actual command for the given VCS Type [svn,p4,cvs,tf.cmd] -->
      <VCS_COMMAND>cvs</VCS_COMMAND>
	  <!--# VCS_FULL_COMMAND - [true|false] - Execute the VCS command with the full path (true) or the VCS command only (false).  When set to false, the VCS_COMMAND must be in the system path.-->
      <VCS_EXEC_FULL_PATH>true</VCS_EXEC_FULL_PATH>
	  <!--# VCS options - options are specific to the VCS type being used and are included in the command line (not set as environment variables)-->
      <VCS_OPTIONS />

      <!--Element VCS_WORKSPACE_INIT_LINK_OPTIONS is optional
		# Workspace Initialization.  Create new workspace equates to: 
		#		TFS: tf workspace -new -collection:${VCS_REPOSITORY_URL} ${VCS_WORKSPACE_NAME} -noprompt /login:${VCS_USERNAME},${VCS_PASSWORD} ${VCS_OPTIONS} ${VCS_WORKSPACE_INIT_NEW_OPTIONS}
		#		       e.g. E:/dev/vcs/TEE-CLC-11.0.0/tf.cmd workspace -new -collection:http://hostname:8080/tfs/DefaultCollection wks -noprompt /login:user,******** /location:server 
		#		SVN: not applicable
		#		 P4: not applicable
		#		CVS: not applicable
		-->
	  <VCS_WORKSPACE_INIT_NEW_OPTIONS></VCS_WORKSPACE_INIT_NEW_OPTIONS>
	  
      <!--Element VCS_WORKSPACE_INIT_LINK_OPTIONS is optional
		# Workspace Initialization.  Link workspace to VCS repository equates to: 
		#		TFS: tf.cmd workfold -map -collection:{VCS_REPOSITORY_URL} ${TFS_SERVER_URL} ${VCS_WORKSPACE_DIR}+"/"+${VCS_PROJECT_ROOT} -workspace:${VCS_WORKSPACE_NAME} -noprompt /login:${VCS_USERNAME},${VCS_PASSWORD} ${VCS_OPTIONS} ${VCS_WORKSPACE_INIT_LINK_OPTIONS}
		#			   e.g. E:/dev/vcs/TEE-CLC-11.0.0/tf.cmd workfold -map -collection:http://hostname:8080/tfs/DefaultCollection $/Composite_62/cis_objects W:/wks/Composite_62/cis_objects -workspace:wks -noprompt /login:user,********
		#		SVN: svn import -m "linking workspace to the VCS repository" . "${VCS_REPOSITORY_URL}/${VCS_PROJECT_ROOT}" ${SVN_OPTIONS} ${SVN_AUTH} ${VCS_WORKSPACE_INIT_LINK_OPTIONS}
		#				-IGNORE_INIT_LINK - This option is used to ignore this step when users have READ-only access and will only be doing check-out from subversion and not check-in.	
		#		 P4: (UNIX) p4 client -o ${VCS_WORKSPACE_INIT_LINK_OPTIONS} | p4 client -i ${VCS_WORKSPACE_INIT_LINK_OPTIONS}
		#		 P4: (Windows) p4 client workspacename ${VCS_WORKSPACE_INIT_LINK_OPTIONS}          [manual intervention is required to acknowledge this action on windows only.]
		#		CVS: cvs import -m "linking workspace to the VCS repository" ${VCS_PROJECT_ROOT} INITIAL start ${VCS_WORKSPACE_INIT_LINK_OPTIONS}
		-->
      <VCS_WORKSPACE_INIT_LINK_OPTIONS></VCS_WORKSPACE_INIT_LINK_OPTIONS>
	  
      <!--Element VCS_WORKSPACE_INIT_GET_OPTIONS is optional
		# Workspace Initialization.  Get resources from VCS repository equates to: 
		#		TFS: tf.cmd get -all -recursive ${TFS_SERVER_URL} -noprompt /login:${VCS_USERNAME},${VCS_PASSWORD} ${VCS_OPTIONS} {$VCS_WORKSPACE_INIT_GET_OPTIONS}
		#			   e.g. E:/dev/vcs/TEE-CLC-11.0.0/tf.cmd get -all -recursive $/Composite_62/cis_objects -noprompt /login:user,********
		#		SVN: svn co "${VCS_REPOSITORY_URL}/${VCS_PROJECT_ROOT}" ${SVN_OPTIONS} ${SVN_AUTH} ${VCS_WORKSPACE_INIT_GET_OPTIONS}
		#		 P4: p4 sync ${VCS_WORKSPACE_INIT_GET_OPTIONS}
		#		CVS: cvs co ${VCS_PROJECT_ROOT} ${VCS_WORKSPACE_INIT_GET_OPTIONS}
		-->
      <VCS_WORKSPACE_INIT_GET_OPTIONS></VCS_WORKSPACE_INIT_GET_OPTIONS>

	  <!--VCS Base Folder Initialization.  Add Options: 
		#		TFS: tf.cmd add ${fullResourcePath} -recursive -noprompt /login:${VCS_USERNAME},${VCS_PASSWORD} ${VCS_OPTIONS} ${VCS_BASE_FOLDER_INIT_ADD}
		#			   e.g. E:/dev/vcs/TEE-CLC-11.0.0/tf.cmd add P:/TFSww/Composite_62/cis_objects/shared/test00  $/Composite_62/cis_objects -noprompt /login:user,********
		#		SVN: svn add ${fullResourcePath} ${SVN_AUTH} ${VCS_OPTIONS} ${VCS_BASE_FOLDER_INIT_ADD}
		#		 P4: p4 add ${fullResourcePath} ${VCS_BASE_FOLDER_INIT_ADD}
		#		CVS: cvs add ${fullResourcePath} ${VCS_BASE_FOLDER_INIT_ADD}
		-->
      <VCS_BASE_FOLDER_INIT_ADD></VCS_BASE_FOLDER_INIT_ADD>
	  
      <!--Element VCS_CHECKIN_OPTIONS is optional
		# Resource Checkin. Checkin resources to VCS equates to:
		#		TFS: 
		#			Folder:             fullResourcePath:  execFromDir+"/"+resourcePath"
		#					Check out folder for editing:  tf.cmd checkout ${fullResourcePath} -lock:Checkout -recursive -noprompt /login:${VCS_USERNAME},${VCS_PASSWORD} ${VCS_OPTIONS} ${VCS_CHECKOUT_OPTIONS}
		#					             Check in folder:  tf.cmd checkin ${fullResourcePath} -comment:@${filename} -recursive -noprompt /login:${VCS_USERNAME},${VCS_PASSWORD} ${VCS_OPTIONS} ${VCS_CHECKIN_OPTIONS}
		#		      File:             fullResourcePath:  execFromDir+"/"+resourcePath+"_"+resourceType+".cmf"
		#					  Check out file for editing:  tf.cmd checkout ${fullResourcePath} -lock:Checkout -noprompt /login:${VCS_USERNAME},${VCS_PASSWORD} ${VCS_OPTIONS} ${VCS_CHECKOUT_OPTIONS}
		#								   Check in file:  tf.cmd checkin ${fullResourcePath} -comment:@${filename} -noprompt /login:${VCS_USERNAME},${VCS_PASSWORD} ${VCS_OPTIONS} ${VCS_CHECKIN_OPTIONS}
		#		SVN: 
		#			Folder:             fullResourcePath:  execFromDir+"/"+resourcePath"
		#					             Check in folder:  svn commit ${fullResourcePath} -m "${Message}" ${SVN_AUTH} ${VCS_OPTIONS} ${VCS_CHECKIN_OPTIONS}
		#		      File:             fullResourcePath:  execFromDir+"/"+resourcePath+"_"+resourceType+".cmf"
		#								   Check in file:  svn commit ${fullResourcePath} -m "${Message}" ${SVN_AUTH} ${VCS_OPTIONS} ${VCS_CHECKIN_OPTIONS}
		#		 P4: 
		#			Folder:             fullResourcePath:  execFromDir+"/"+resourcePath"
		#					             Check in folder:  p4 submit -d "${Message}" ${fullResourcePath} ${VCS_CHECKIN_OPTIONS}
		#		      File:             fullResourcePath:  execFromDir+"/"+resourcePath"
		#								   Check in file:  p4 submit -d "${Message}" ${fullResourcePath} ${VCS_CHECKIN_OPTIONS}
		#		CVS: 
		#			Folder:             fullResourcePath:  execFromDir+"/"+resourcePath"
		#					             Check in folder:  cvs commit -m "${Message}" ${fullResourcePath} ${VCS_CHECKIN_OPTIONS}
		#		      File:             fullResourcePath:  execFromDir+"/"+resourcePath+"_"+resourceType+".cmf"
		#								   Check in file:  cvs commit -m "${Message}" ${fullResourcePath} ${VCS_CHECKIN_OPTIONS}
		# Check-in options are specific to the commit part of the command.  For example, TFS might be -associate:1 which associates a work item with a submission.
		-->
      <VCS_CHECKIN_OPTIONS></VCS_CHECKIN_OPTIONS>
	  
      <!--Element VCS_CHECKIN_OPTIONS_REQUIRED is optional
		# A comma separated list of base-level commands that are required for checkin.  VCS_CHECKIN_OPTIONS is validated against this list.  
		# For example, it may be required by TFS to have the -associate command present on the check-in command line.
		-->
      <VCS_CHECKIN_OPTIONS_REQUIRED></VCS_CHECKIN_OPTIONS_REQUIRED>
	  
      <!--Element VCS_CHECKOUT_OPTIONS is optional
		# Resource Checkout. Checkout resources to VCS equates to:
		#		TFS: 
		#			Folder:             fullResourcePath:  execFromDir+"/"+resourcePath"
		#					            Check out folder:  tf.cmd get ${fullResourcePath} -version:${Revision} -recursive -noprompt /login:${VCS_USERNAME},${VCS_PASSWORD} ${VCS_OPTIONS} ${VCS_CHECKOUT_OPTIONS}
		#		      File:             fullResourcePath:  execFromDir+"/"+resourcePath+"_"+resourceType+".cmf"
		#					              Check out file:  tf.cmd get ${fullResourcePath} -version:${Revision} -noprompt /login:${VCS_USERNAME},${VCS_PASSWORD} ${VCS_OPTIONS} ${VCS_CHECKOUT_OPTIONS}
		#		SVN: 
		#			Folder:             fullResourcePath:  execFromDir+"/"+resourcePath"
		#					            Check out folder:  svn update ${fullResourcePath} -r ${Revision} ${SVN_AUTH} ${VCS_OPTIONS} ${VCS_CHECKOUT_OPTIONS}
		#		      File:             fullResourcePath:  execFromDir+"/"+resourcePath+"_"+resourceType+".cmf"
		#					              Check out file:  svn update ${fullResourcePath} -r ${Revision} ${SVN_AUTH} ${VCS_OPTIONS} ${VCS_CHECKOUT_OPTIONS}
		#		 P4: 
		#			Folder:             fullResourcePath:  execFromDir+"/"+resourcePath"
		#					            Check out folder:  current:  p4 sync ${VCS_CHECKOUT_OPTIONS}
		#												   revision: p4 sync @${Revision} ${VCS_CHECKOUT_OPTIONS}
		#		      File:             fullResourcePath:  execFromDir+"/"+resourcePath+"_"+resourceType+".cmf"
		#					              Check out file:  current:  p4 sync "${fullResourcePath}" ${VCS_CHECKOUT_OPTIONS}
		#												   revision: p4 sync "${fullResourcePath}@${Revision}" ${VCS_CHECKOUT_OPTIONS}
		#		CVS: 
		#			Folder:             fullResourcePath:  execFromDir+"/"+resourcePath"
		#					            Check out folder:  cvs update -j${Revision} ${fullResourcePath} ${VCS_CHECKOUT_OPTIONS}
		#		      File:             fullResourcePath:  execFromDir+"/"+resourcePath+"_"+resourceType+".cmf"
		#					              Check out file:  cvs update -j${Revision} ${fullResourcePath} ${VCS_CHECKOUT_OPTIONS}
		-->
      <VCS_CHECKOUT_OPTIONS></VCS_CHECKOUT_OPTIONS>	  

      <!--Element VCS_CHECKOUT_OPTIONS_REQUIRED is optional
		# A comma separated list of base-level commands that are required for checkout.  VCS_CHECKOUT_OPTIONS is validated against this list.
		-->
      <VCS_CHECKOUT_OPTIONS_REQUIRED></VCS_CHECKOUT_OPTIONS_REQUIRED>
	  
      <!--Element VCS_CIS_IMPORT_OPTIONS is optional
		# VCS Resource Import Options:
		#   Occurs during a vcsCheckout when the temporary checkout.car file is imported into the target server.
		#   The import is the final step in the process.  The backwards compatible option is to include access: -includeaccess 
		#   Consult the Archive Module documentation for more options.
		-->
      <VCS_CIS_IMPORT_OPTIONS></VCS_CIS_IMPORT_OPTIONS>
	  
      <!--Element VCS_CIS_EXPORT_OPTIONS is optional
		# VCS Resource Export Options:
		#   Occurs during a vcsCheckin when the temporary checkout.car file is exported from the target server.
		#   The export from the target is used to compare resources against the VCS repository.  The backwards compatible option is leave this option blank.
		#   Consult the Archive Module documentation for more options.
		-->
      <VCS_CIS_EXPORT_OPTIONS></VCS_CIS_EXPORT_OPTIONS>
	  
	  <!--
		# VCS_REPOSITORY_URL - This is the base URL to identify the VCS server.
		#     Note:  The scripts use the combination of the VCS_REPOSITORY_URL and 
		#            the VCS_PROJECT_ROOT to identify the baseline to check-in and checkout
		#            in the VCS.  The VCS_PROJECT_ROOT also gets used in the folder structure
		#            of the local workspace.
		#     cvs        - Command Format: [:method:][[user][:password]@]hostname[:[port]]/repository_path
		#                  1) Local access only with no host and port
		#                         Example: :local:/home/cvs
		#                  2) Remote access rules and examples:
		#                      (1) There is no colon ":" following the port.
		#                      (2) There is a colon ":" following the hostname if there is no port.
		#                      (3) The repository folder path on the CVS server follows the port if present or hostname.
		#                      (4) Username and Password are included in this URL therefore VCS_USERNAME and VCS_PASSWORD are ignored.
		#                      Example: :pserver:user1:password@remotehost:2401/home/cvs
		#                      Example: :pserver:user1:password@remotehost:/home/cvs
		#                      Example: :pserver:user1@remotehost:/home/cvs
		#                  3) Use substitution variables to identify user and password.  These variables get replaced at runtime with values passed in.
		#                      Example: :pserver:<VCS_USERNAME>:<VCS_PASSWORD>@myhost:2401/home/cvs
		-->
		<VCS_REPOSITORY_URL>$CVS_VCS_REPOSITORY_URL</VCS_REPOSITORY_URL>
	  <!--# VCS_PROJECT_ROOT - This is root name of the project on the VCS Server.  subversion: The project name. perforce: The depot name.-->
      <VCS_PROJECT_ROOT>$CVS_VCS_PROJECT_ROOT$%RELEASE_FOLDER%</VCS_PROJECT_ROOT>
	  <!--
		# VCS_WORKSPACE_HOME - This is the CIS VCS Workspace Home.  
		#     It is recommended to set the location to PDTool home [e.g. $PROJECT_HOME].
		#     The user does have the flexibility to place the VCS workspace in a location other than PDTool home. [e.g. $APPDATA] 
		-->
      <VCS_WORKSPACE_HOME>$CVS_VCS_WORKSPACE_HOME</VCS_WORKSPACE_HOME>
	  <!--
		# VCS_WORKSPACE_NAME:: The name of the workspace folder.  This is not a directory but simply a name. The shorter the better. 
		#    If running PDTool on the same machine as PDToolStudio then the workspace names should be different.
		#    Variables can be used to construct the name. Surround variables with 2 $ or 2 % signs when concatenating strings.
		#       e.g. $VCS_TYPE$ww - $VCS_TYPE$ gets evaluated as a variable. "ww" is a string that gets concatentated. Result: svnww
		#    For perforce, make sure all instances of PDToolStudio/PDTool use their own workspace name in the event that you have them installed in more than one place.
		#       Suggestions:  Use w=windows: [$VCS_TYPE$ww].  Use u for UNIX: [$VCS_TYPE$uw].  Use s for studio: [$VCS_TYPE$sw].
		# VCS_WORKSPACE_DIR::  VCS Workspace Dir is a combination of the VCS_WORKSPACE_HOME and a workspace directory name "VCS_WORKSPACE_NAME".  
		# VCS_TEMP_DIR::       VCS Temp Dir is a combination of the VCS_WORKSPACE_HOME and a temp dir name such as $VCS_TYPE$t.
		-->
      <VCS_WORKSPACE_NAME>$CVS_VCS_WORKSPACE_NAME</VCS_WORKSPACE_NAME>
      <VCS_WORKSPACE_DIR>$VCS_WORKSPACE_HOME/$VCS_WORKSPACE_NAME</VCS_WORKSPACE_DIR>
      <VCS_TEMP_DIR>$CVS_VCS_TEMP_DIR</VCS_TEMP_DIR>
	  <!--
		# VCS_USERNAME - (optional) This is the username for the user logging into the VCS Server.  
		#    If VCS_USERNAME is not set, then the specific VCS Server type may prompt the user for a username and password each time.  
		#    Some VCS Servers, will ask to store the user and password locally for subsequent use.
		-->
     <VCS_USERNAME>$CVS_VCS_USERNAME</VCS_USERNAME>
	  <!--
		# VCS_PASSWORD - (optional) This is the password for the user logging into the VCS Server.  
		#    If VCS_USERNAME is not set, VCS_PASSWORD is ignored.
		#    If set in this file, execute the following command to encrypt the password:
		#         Unix: ./ExecutePDTool.sh -encrypt ../resources/modules/VCSModule.xml
		#      Windows: ExecutePDTool.bat -encrypt ../resources/modules/VCSModule.xml
		-->
      <VCS_PASSWORD>$CVS_VCS_PASSWORD</VCS_PASSWORD>
	  <!--
	  # VCS_IGNORE_MESSAGES - A comma separated list of messages for the VCS Module to ignore upon execution.
		#    CVS:
		#    Perforce:    	No files to submit
		#    Subversion: 
		#    TFS: 			No files checked in,could not be retrieved because a writable file by the same name exists,already has pending changes,because it already has a pending change that is not compatible,There are no remaining changes to check in
		-->
      <VCS_IGNORE_MESSAGES />
	  <!--# VCS_MESSAGE_PREPEND - A static message that gets prepended onto all check-in or forced check-in messages-->
      <VCS_MESSAGE_PREPEND></VCS_MESSAGE_PREPEND>
      <!--Element vcsSpecificEnvVars is optional-->
      <vcsSpecificEnvVars>
        <!--Element envVar is optional, maxOccurs=unbounded-->
        <envVar>
          <envName>CVSROOT</envName>
          <envValue>$VCS_REPOSITORY_URL</envValue>
        </envVar>
        <envVar>
          <envName>CVS_RSH</envName>
          <envValue>ssh</envValue>
        </envVar>
      </vcsSpecificEnvVars>
    </vcsConnection>
  </vcsConnections>

   <!-- **********************************
	 REGRESSION CHECKIN/CHECKOUT TESTS 
	 ************************************ -->
   <!--Element vcsResources, maxOccurs=unbounded-->
  <vcsResource>
    <id>testDB</id>
    <resourcePath>/services/databases/TEST00</resourcePath>
    <resourceType>Composite Database</resourceType>
    <revision>HEAD</revision>
    <message>checkin testDB</message>
  </vcsResource>
  <vcsResource>
    <id>testWS</id>
    <resourcePath>/services/webservices/TEST00/testWebService</resourcePath>
    <resourceType>Composite Web Service</resourceType>
    <revision>HEAD</revision>
    <message>checkin testWS</message>
  </vcsResource>
  <vcsResource>
    <id>testNN</id>
    <resourcePath>/shared/test00</resourcePath>
    <resourceType>Folder</resourceType>
    <revision>HEAD</revision>
    <message>checkin testNN</message>
  </vcsResource>

  <vcsResource>
    <id>testDB-BASE</id>
    <resourcePath>/services/databases/TEST00</resourcePath>
    <resourceType>Composite Database</resourceType>
    <revision>BASE</revision>
    <message>checkin testDB</message>
  </vcsResource>
  <vcsResource>
    <id>testWS-BASE</id>
    <resourcePath>/services/webservices/TEST00/testWebService</resourcePath>
    <resourceType>Composite Web Service</resourceType>
    <revision>BASE</revision>
    <message>checkin testWS</message>
  </vcsResource>
  <vcsResource>
    <id>testNN-BASE</id>
    <resourcePath>/shared/test00</resourcePath>
    <resourceType>Folder</resourceType>
    <revision>BASE</revision>
    <message>checkin testNN</message>
  </vcsResource>
  
    <!-- Perforce Label test -->
  <vcsResource>
    <id>rel1.0</id>
    <resourcePath></resourcePath>
    <resourceType></resourceType>
	<vcsLabel>rel1.0</vcsLabel>
    <revision>HEAD</revision>
    <message>test perforce label checkout</message>
  </vcsResource>
  <vcsResource>
    <id>rel1.1</id>
    <resourcePath></resourcePath>
    <resourceType></resourceType>
	<vcsLabel>rel1.1</vcsLabel>
    <revision>HEAD</revision>
    <message>test perforce label checkout</message>
  </vcsResource>
    <vcsResource>
    <id>rel1.2</id>
    <resourcePath></resourcePath>
    <resourceType></resourceType>
	<vcsLabel>rel1.2</vcsLabel>
    <revision>HEAD</revision>
    <message>test perforce label checkout</message>
  </vcsResource>
  
  <!-- procedure w/ underscores -->
  <vcsResource>
    <id>chkin1</id>
    <resourcePath>/shared/test00/my_vcs_folder/my_proc_1</resourcePath>
    <resourceType>procedure</resourceType>
    <revision>HEAD</revision>
    <message>test vcs: changed my procedure</message>
  </vcsResource>
  <!-- definition w/ underscores -->
  <vcsResource>
    <id>chkin2</id>
    <resourcePath>/shared/test00/my_vcs_folder/my_sql_def_set_1</resourcePath>
    <resourceType>definitions</resourceType>
    <revision>HEAD</revision>
    <message>test vcs: changed my sql definition set</message>
  </vcsResource>
  <!-- view(table) w/ underscores -->
  <vcsResource>
    <id>chkin3</id>
    <resourcePath>/shared/test00/my_vcs_folder/my_view_1</resourcePath>
    <resourceType>table</resourceType>
    <revision>HEAD</revision>
    <message>test vcs: changed my view(table)</message>
  </vcsResource>
  <!-- trigger w/ underscores -->
  <vcsResource>
    <id>chkin4</id>
    <resourcePath>/shared/test00/my_vcs_folder/my_trigger_1</resourcePath>
    <resourceType>trigger</resourceType>
    <revision>HEAD</revision>
    <message>test vcs: changed my trigger</message>
  </vcsResource>
  <!-- FOLDER w/ underscores -->
  <vcsResource>
    <id>chkin5</id>
    <resourcePath>/shared/test00/my_vcs_folder</resourcePath>
    <resourceType>FOLDER</resourceType>
    <revision>HEAD</revision>
    <message>test vcs: checkin FOLDER w/underscores</message>
  </vcsResource>
  <!-- folder no underscores -->
  <vcsResource>
    <id>chkin6</id>
    <resourcePath>/shared/test00/f1/f2</resourcePath>
    <resourceType>folder</resourceType>
    <revision>HEAD</revision>
    <message>test vcs: checkin folder no underscores</message>
  </vcsResource>
  <!-- CONTAINER no underscores -->
  <vcsResource>
    <id>chkin7</id>
    <resourcePath>/shared/test00/f1/f2/f3</resourcePath>
    <resourceType>CONTAINER</resourceType>
    <revision>HEAD</revision>
    <message>test vcs: checkin CONTAINER no underscores</message>
  </vcsResource>
  <!-- container no underscores -->
  <vcsResource>
    <id>chkin8</id>
    <resourcePath>/shared/test00/f1/f2/f3/f4</resourcePath>
    <resourceType>container</resourceType>
    <revision>HEAD</revision>
    <message>test vcs: checkin container no underscores</message>
  </vcsResource>
  <!-- checkin top level folder -->
  <vcsResource>
    <id>chkin9</id>
    <resourcePath>/shared/test</resourcePath>
    <resourceType>FOLDER</resourceType>
    <revision>HEAD</revision>
    <message>test vcs: checkin top level FOLDER</message>
  </vcsResource>
  <!-- resourcePath missing -->
  <vcsResource>
    <id>chkin10</id>
    <resourcePath />
    <resourceType>FOLDER</resourceType>
    <revision>HEAD</revision>
    <message>checking in my folder</message>
  </vcsResource>
  <!-- resourceType missing -->
  <vcsResource>
    <id>chkin11</id>
    <resourcePath>/shared/test00/my_vcs_folder</resourcePath>
    <resourceType />
    <revision>HEAD</revision>
    <message>checking in my folder</message>
  </vcsResource>
  <!-- resourceType not valid -->
  <vcsResource>
    <id>chkin12</id>
    <resourcePath>/shared/my_folder</resourcePath>
    <resourceType>dummy</resourceType>
    <revision>HEAD</revision>
    <message>checking in my folder</message>
  </vcsResource>
  <!-- (saut) SPACE AND UNDERSCORE TEST -->
  <!-- resourcePath space in folder -->
  <vcsResource>
    <id>saut1</id>
    <resourcePath>/shared/test00/spaces/multiple   spaces3</resourcePath>
    <resourceType>FOLDER</resourceType>
    <revision>HEAD</revision>
    <message>vcs test:multiple spaces3</message>
  </vcsResource>
  <!-- multiple space followed by uderscore in path -->
  <vcsResource>
    <id>saut2</id>
    <resourcePath>/shared/test00/spaces/multiple-space3   _underscore</resourcePath>
    <resourceType>FOLDER</resourceType>
    <revision>HEAD</revision>
    <message>vcs test:multiple-space3   _underscore</message>
  </vcsResource>
  <!-- multiple underscores in path -->
  <vcsResource>
    <id>saut3</id>
    <resourcePath>/shared/test00/spaces/multiple___underscores3</resourcePath>
    <resourceType>FOLDER</resourceType>
    <revision>HEAD</revision>
    <message>vcs test:multiple___underscores3</message>
  </vcsResource>
  <!-- spaces in path and procedure name -->
  <vcsResource>
    <id>saut4</id>
    <resourcePath>/shared/test00/spaces/my space folder/my space proc</resourcePath>
    <resourceType>procedure</resourceType>
    <revision>HEAD</revision>
    <message>vcs test:my space proc</message>
  </vcsResource>
  <!-- folder: space followed by underscore -->
  <vcsResource>
    <id>saut5</id>
    <resourcePath>/shared/test00/spaces/space _underscore</resourcePath>
    <resourceType>FOLDER</resourceType>
    <revision>HEAD</revision>
    <message>vcs test:space _underscore</message>
  </vcsResource>
  <!-- resourcePath multiple spaces in resource name path followed by underscore -->
  <vcsResource>
    <id>saut6</id>
    <resourcePath>/shared/test00/spaces/underscore-multiple_   space3</resourcePath>
    <resourceType>FOLDER</resourceType>
    <revision>HEAD</revision>
    <message>vcs test:underscore-multipe_   space3</message>
  </vcsResource>
  <!-- resourcePath w/ underscore, space underscore -->
  <vcsResource>
    <id>saut7</id>
    <resourcePath>/shared/test00/spaces/underscore_ _space-underscore</resourcePath>
    <resourceType>FOLDER</resourceType>
    <revision>HEAD</revision>
    <message>vcs test:underscore_ _space-underscore</message>
  </vcsResource>
  <!-- resourcePath w/ underscore, space -->
  <vcsResource>
    <id>saut8</id>
    <resourcePath>/shared/test00/spaces/underscore_ space</resourcePath>
    <resourceType>FOLDER</resourceType>
    <revision>HEAD</revision>
    <message>vcs test:underscore_ space</message>
  </vcsResource>
</p1:VCSModule>

