<?xml version="1.0" encoding="UTF-8" standalone="yes"?>
<!--
######################################################################
# (c) 2014 Cisco and/or its affiliates. All rights reserved.
# 
# This software is released under the Eclipse Public License. The details can be found in the file LICENSE. 
# Any dependent libraries supplied by third parties are provided under their own open source licenses as 
# described in their own LICENSE files, generally named .LICENSE.txt. The libraries supplied by Cisco as 
# part of the Composite Information Server/Cisco Data Virtualization Server, particularly csadmin-XXXX.jar, 
# csarchive-XXXX.jar, csbase-XXXX.jar, csclient-XXXX.jar, cscommon-XXXX.jar, csext-XXXX.jar, csjdbc-XXXX.jar, 
# csserverutil-XXXX.jar, csserver-XXXX.jar, cswebapi-XXXX.jar, and customproc-XXXX.jar (where -XXXX is an 
# optional version number) are provided as a convenience, but are covered under the licensing for the 
# Composite Information Server/Cisco Data Virtualization Server. They cannot be used in any way except 
# through a valid license for that product.
# 
# This software is released AS-IS!. Support for this software is not covered by standard maintenance agreements with Cisco. 
# Any support for this software by Cisco would be covered by paid consulting agreements, and would be billable work.
# 
######################################################################
-->
<ns2:DatasourceModule xmlns:ns2="http://www.dvbu.cisco.com/ps/deploytool/modules">
    <datasource>
        <genericDataSource>
            <id>ds1</id>
            <resourcePath>/shared/test01/DataSources/ServerAttributeDefinitions</resourcePath>
            <resourceType>DATA_SOURCE</resourceType>
            <subType>XML_FILE_DATA_SOURCE</subType>
            <dataSourceType>File-XML</dataSourceType>
            <genericAttribute>
                <name>autoAddChildren</name>
                <type>STRING</type>
                <value>false</value>
            </genericAttribute>
            <genericAttribute>
                <name>charset</name>
                <type>STRING</type>
                <value>&lt;auto detect&gt;</value>
            </genericAttribute>
            <genericAttribute>
                <name>filters</name>
                <type>STRING</type>
                <value>*.xml</value>
            </genericAttribute>
            <genericAttribute>
                <name>root</name>
                <type>STRING</type>
                <value>E:\dev\Workspaces\DeployToolWorkspace\PDTool_6_2\resources\modules\lab</value>
            </genericAttribute>
        </genericDataSource>
    </datasource>
    <datasource>
        <relationalDataSource>
            <id>ds2</id>
            <resourcePath>/shared/test01/DataSources/ds_orders</resourcePath>
            <resourceType>DATA_SOURCE</resourceType>
            <subType>RELATIONAL_DATA_SOURCE</subType>
            <dataSourceType>MySQL 5.0</dataSourceType>
            <hostname>localhost</hostname>
            <port>9408</port>
            <databaseName>orders</databaseName>
            <login>tutorial</login>
            <encryptedPassword>Encrypted:A49A5A0FAFF13F4A</encryptedPassword>
            <valQuery></valQuery>
            <genericAttribute>
                <name>autoAddChildren</name>
                <type>STRING</type>
                <value>true</value>
            </genericAttribute>
            <genericAttribute>
                <name>commitOnFetchDone</name>
                <type>BOOLEAN</type>
                <value>false</value>
            </genericAttribute>
            <genericAttribute>
                <name>connPoolMaxSize</name>
                <type>INTEGER</type>
                <value>50</value>
            </genericAttribute>
            <genericAttribute>
                <name>connPoolMinSize</name>
                <type>INTEGER</type>
                <value>10</value>
            </genericAttribute>
            <genericAttribute>
                <name>connPoolTimeout</name>
                <type>INTEGER</type>
                <value>30</value>
            </genericAttribute>
            <genericAttribute>
                <name>connProperties</name>
                <type>MAP</type>
                <valueMap/>
            </genericAttribute>
            <genericAttribute>
                <name>connStaleTimeout</name>
                <type>INTEGER</type>
                <value>0</value>
            </genericAttribute>
            <genericAttribute>
                <name>execTimeout</name>
                <type>INTEGER</type>
                <value>0</value>
            </genericAttribute>
            <genericAttribute>
                <name>healthmonitortable</name>
                <type>STRING</type>
                <value>cis_hm_table</value>
            </genericAttribute>
            <genericAttribute>
                <name>isPassThrough</name>
                <type>STRING</type>
                <value>Disabled</value>
            </genericAttribute>
            <genericAttribute>
                <name>persistPassword</name>
                <type>BOOLEAN</type>
                <value>true</value>
            </genericAttribute>
            <genericAttribute>
                <name>streamingResults</name>
                <type>BOOLEAN</type>
                <value>true</value>
            </genericAttribute>
            <genericAttribute>
                <name>txnIsolationLevel</name>
                <type>STRING</type>
                <value>Read Committed</value>
            </genericAttribute>
            <genericAttribute>
                <name>urlPatternStr</name>
                <type>STRING</type>
                <value>jdbc:mysql://&lt;HOST&gt;:&lt;PORT&gt;/&lt;DATABASE_NAME&gt;</value>
            </genericAttribute>
        </relationalDataSource>
    </datasource>
    <datasource>
        <genericDataSource>
            <id>ds3</id>
            <resourcePath>/shared/test01/DataSources/testWebService</resourcePath>
            <resourceType>DATA_SOURCE</resourceType>
            <subType>WSDL_DATA_SOURCE</subType>
            <dataSourceType>WSDL</dataSourceType>
            <genericAttribute>
                <name>authentication</name>
                <type>STRING</type>
                <value>BASIC</value>
            </genericAttribute>
            <genericAttribute>
                <name>autoAddChildren</name>
                <type>STRING</type>
                <value>true</value>
            </genericAttribute>
            <genericAttribute>
                <name>isPassThrough</name>
                <type>STRING</type>
                <value>Disabled</value>
            </genericAttribute>
            <genericAttribute>
                <name>keystore</name>
                <type>MAP</type>
                <valueMap/>
            </genericAttribute>
            <genericAttribute>
                <name>login</name>
                <type>STRING</type>
                <value>admin</value>
            </genericAttribute>
            <genericAttribute>
                <name>password</name>
                <type>PASSWORD_STRING</type>
                <value>Encrypted:7F6324FFD300BE8F</value>
            </genericAttribute>
            <genericAttribute>
                <name>persistPassword</name>
                <type>BOOLEAN</type>
                <value>true</value>
            </genericAttribute>
            <genericAttribute>
                <name>url</name>
                <type>STRING</type>
                <value>http://localhost:9430/services/TEST01/testWebService?wsdl</value>
            </genericAttribute>
        </genericDataSource>
    </datasource>
</ns2:DatasourceModule>
