<?xml version="1.0" encoding="UTF-8" standalone="yes"?>
<ns2:DatasourceModule xmlns:ns2="http://www.dvbu.cisco.com/ps/deploytool/modules">
    <datasource>
        <genericDataSource>
            <id>ds1</id>
            <resourcePath>/shared/test$STUDENTID/DataSources/ServerAttributeDefinitions</resourcePath>
            <genericAttribute>
                <name>autoAddChildren</name>
                <type>STRING</type>
                <value>false</value>
            </genericAttribute>
            <genericAttribute>
                <name>charset</name>
                <type>STRING</type>
                <value>&lt;auto detect&gt;</value>
            </genericAttribute>
            <genericAttribute>
                <name>filters</name>
                <type>STRING</type>
                <value>*.xml</value>
            </genericAttribute>
            <genericAttribute>
                <name>root</name>
                <type>STRING</type>
                <value>$PROJECT_HOME_PHYSICAL/resources/modules/lab</value>
            </genericAttribute>
        </genericDataSource>
    </datasource>
    <datasource>
        <relationalDataSource>
            <id>ds2</id>
            <resourcePath>/shared/test$STUDENTID/DataSources/ds_orders</resourcePath>
            <hostname>localhost</hostname>
            <port>9408</port>
            <databaseName>orders</databaseName>
            <login>tutorial</login>
            <encryptedPassword>Encrypted:A49A5A0FAFF13F4A</encryptedPassword>
            <valQuery></valQuery>
            <genericAttribute>
                <name>autoAddChildren</name>
                <type>STRING</type>
                <value>true</value>
            </genericAttribute>
            <genericAttribute>
                <name>commitOnFetchDone</name>
                <type>BOOLEAN</type>
                <value>false</value>
            </genericAttribute>
            <genericAttribute>
                <name>connPoolMaxSize</name>
                <type>INTEGER</type>
                <value>200</value>
            </genericAttribute>
            <genericAttribute>
                <name>connPoolMinSize</name>
                <type>INTEGER</type>
                <value>10</value>
            </genericAttribute>
            <genericAttribute>
                <name>connPoolTimeout</name>
                <type>INTEGER</type>
                <value>30</value>
            </genericAttribute>
            <genericAttribute>
                <name>connStaleTimeout</name>
                <type>INTEGER</type>
                <value>0</value>
            </genericAttribute>
            <genericAttribute>
                <name>execTimeout</name>
                <type>INTEGER</type>
                <value>0</value>
            </genericAttribute>
            <genericAttribute>
                <name>healthmonitortable</name>
                <type>STRING</type>
                <value>cis_hm_table</value>
            </genericAttribute>
            <genericAttribute>
                <name>isPassThrough</name>
                <type>STRING</type>
                <value>Disabled</value>
            </genericAttribute>
            <genericAttribute>
                <name>persistPassword</name>
                <type>BOOLEAN</type>
                <value>true</value>
            </genericAttribute>
            <genericAttribute>
                <name>streamingResults</name>
                <type>BOOLEAN</type>
                <value>true</value>
            </genericAttribute>
            <genericAttribute>
                <name>txnIsolationLevel</name>
                <type>STRING</type>
                <value>Read Committed</value>
            </genericAttribute>
            <genericAttribute>
                <name>urlPatternStr</name>
                <type>STRING</type>
                <value>jdbc:mysql://&lt;HOST&gt;:&lt;PORT&gt;/&lt;DATABASE_NAME&gt;</value>
            </genericAttribute>
        </relationalDataSource>
    </datasource>
    <datasource>
        <genericDataSource>
            <id>ds3</id>
            <resourcePath>/shared/test$STUDENTID/DataSources/testWebService</resourcePath>
            <genericAttribute>
                <name>authentication</name>
                <type>STRING</type>
                <value>BASIC</value>
            </genericAttribute>
            <genericAttribute>
                <name>autoAddChildren</name>
                <type>STRING</type>
                <value>true</value>
            </genericAttribute>
            <genericAttribute>
                <name>isPassThrough</name>
                <type>STRING</type>
                <value>Disabled</value>
            </genericAttribute>
            <genericAttribute>
                <name>login</name>
                <type>STRING</type>
                <value>user2</value>
            </genericAttribute>
            <genericAttribute>
                <name>password</name>
                <type>PASSWORD_STRING</type>
                <value>password</value>
            </genericAttribute>
            <genericAttribute>
                <name>persistPassword</name>
                <type>BOOLEAN</type>
                <value>true</value>
            </genericAttribute>
			<genericAttribute>
				<name>url</name>
				<type>STRING</type>
				<value>$HTTP_TYPE$://localhost:$WSPORT/services/TEST$STUDENTID/testWebService?wsdl</value>
			</genericAttribute>
        </genericDataSource>
    </datasource>
</ns2:DatasourceModule>
